{"skeleton":{"hash":"EN+1vdF96SBuSuqpwwBlY2uwZZE","spine":"3.5.43","width":516.81,"height":512.5,"images":""},"bones":[{"name":"root"},{"name":"bone","parent":"root","x":-135.96,"y":152.19},{"name":"bone2","parent":"root","x":131.34,"y":139.65}],"slots":[{"name":"back","bone":"root","attachment":"back"},{"name":"l_mid","bone":"bone","attachment":"l_mid"},{"name":"r_mid","bone":"bone2","attachment":"r_mid"},{"name":"frame","bone":"root","attachment":"frame"}],"skins":{"default":{"back":{"back":{"x":4.81,"y":255.76,"width":512,"height":512}},"frame":{"frame":{"y":256,"width":512,"height":512}},"l_mid":{"l_mid":{"x":49.71,"y":69.81,"scaleX":1.088,"width":171,"height":445}},"r_mid":{"r_mid":{"x":-42.36,"y":82.35,"scaleX":1.017,"width":171,"height":445}}}},"animations":{"closed":{"bones":{"bone2":{"translate":[{"time":0,"x":0,"y":0}],"scale":[{"time":0,"x":1,"y":1}]},"bone":{"translate":[{"time":0,"x":0,"y":0}],"scale":[{"time":0,"x":1,"y":1}]},"root":{"translate":[{"time":0,"x":0,"y":0}]}}},"open":{"bones":{"bone":{"translate":[{"time":0,"x":0,"y":0},{"time":0.3333,"x":-46.96,"y":0,"curve":"stepped"},{"time":1,"x":-46.96,"y":0}],"scale":[{"time":0,"x":1,"y":1},{"time":0.3333,"x":0.111,"y":1,"curve":"stepped"},{"time":1,"x":0.111,"y":1}]},"bone2":{"translate":[{"time":0,"x":0,"y":0},{"time":0.3333,"x":52.63,"y":0,"curve":"stepped"},{"time":1,"x":52.63,"y":0}],"scale":[{"time":0,"x":1,"y":1},{"time":0.3333,"x":0.111,"y":1,"curve":"stepped"},{"time":1,"x":0.111,"y":1}]}}},"opened":{"bones":{"bone":{"translate":[{"time":0,"x":-46.96,"y":0}],"scale":[{"time":0,"x":0.111,"y":1}]},"bone2":{"translate":[{"time":0,"x":52.63,"y":0}],"scale":[{"time":0,"x":0.111,"y":1}]}}}}}