{"skeleton":{"hash":"Z6zFLuGW+8+8GRQmpIQnu5F6VgM","spine":"3.5.46","width":256,"height":127.08,"images":""},"bones":[{"name":"root"},{"name":"base","parent":"root","y":-112.07},{"name":"body","parent":"base","rotation":90,"y":75.09},{"name":"spring","parent":"base","length":127.94,"rotation":90,"y":-10.44}],"slots":[{"name":"spring","bone":"spring","attachment":"spring"},{"name":"base","bone":"base","attachment":"base"},{"name":"body","bone":"body","attachment":"body"}],"skins":{"default":{"base":{"base":{"y":5.95,"width":256,"height":44}},"body":{"body":{"x":-25.82,"scaleX":0.988,"scaleY":0.988,"rotation":-90,"width":256,"height":125}},"spring":{"spring":{"x":57.68,"rotation":-90,"width":180,"height":122}}}},"animations":{"idle":{"bones":{"base":{"translate":[{"time":0,"x":0,"y":0,"curve":"stepped"},{"time":0.3333,"x":0,"y":0}],"scale":[{"time":0,"x":1,"y":1,"curve":"stepped"},{"time":0.3333,"x":1,"y":1}]},"spring":{"translate":[{"time":0,"x":0,"y":0,"curve":"stepped"},{"time":0.3333,"x":0,"y":0}],"scale":[{"time":0,"x":1,"y":1,"curve":"stepped"},{"time":0.3333,"x":1,"y":1}]},"body":{"translate":[{"time":0,"x":0,"y":0,"curve":"stepped"},{"time":0.3333,"x":0,"y":0}],"scale":[{"time":0,"x":1,"y":1,"curve":"stepped"},{"time":0.3333,"x":1,"y":1}]}}},"trigger":{"bones":{"base":{"translate":[{"time":0,"x":0,"y":0,"curve":"stepped"},{"time":0.3,"x":0,"y":0,"curve":"stepped"},{"time":1,"x":0,"y":0}],"scale":[{"time":0,"x":1,"y":1,"curve":"stepped"},{"time":0.3,"x":1,"y":1,"curve":"stepped"},{"time":1,"x":1,"y":1}]},"body":{"translate":[{"time":0,"x":0,"y":0,"curve":[0.143,0.12,0.841,0.88]},{"time":0.1,"x":0,"y":73.58,"curve":"stepped"},{"time":0.1667,"x":0,"y":73.58,"curve":[0.32,0,0.72,1]},{"time":0.3,"x":0,"y":-13.14,"curve":[0.263,0,0.69,1]},{"time":0.4333,"x":0,"y":15.77,"curve":[0.307,0,0.884,0.87]},{"time":0.5333,"x":0,"y":1.75}],"scale":[{"time":0,"x":1,"y":1}]},"spring":{"scale":[{"time":0,"x":1,"y":1,"curve":[0.143,0.12,0.841,0.88]},{"time":0.1,"x":1.098,"y":1,"curve":"stepped"},{"time":0.1667,"x":1.098,"y":1},{"time":0.3,"x":0.7,"y":1},{"time":1,"x":1,"y":1}]}}}}}