{"skeleton":{"hash":"lgb15wkkmdzyRYpnS5NxZ/WwBWo","spine":"3.5.51","width":102.08,"height":208.04,"images":""},"bones":[{"name":"root","rotation":-0.03},{"name":"core","parent":"root","y":92},{"name":"glow","parent":"root","y":50}],"slots":[{"name":"engine","bone":"root","attachment":"engine"},{"name":"glow1","bone":"root","attachment":"glow1"},{"name":"frame","bone":"root","attachment":"frame"},{"name":"glow2","bone":"glow","attachment":"glow2"},{"name":"core","bone":"core","attachment":"core"}],"skins":{"default":{"core":{"core":{"width":49,"height":48}},"engine":{"engine":{"x":-0.72,"y":92.9,"width":44,"height":132}},"frame":{"frame":{"x":-0.17,"y":98.39,"width":94,"height":201}},"glow1":{"glow1":{"x":0.5,"y":90.7,"width":66,"height":133}},"glow2":{"glow2":{"y":43.1,"width":102,"height":174}}}},"animations":{"idle":{"bones":{"core":{"rotate":[{"time":0,"angle":0},{"time":0.3333,"angle":-89.33},{"time":0.6667,"angle":-179.87},{"time":1,"angle":90.21},{"time":1.3333,"angle":0}],"translate":[{"time":0,"x":0,"y":0,"curve":"stepped"},{"time":1.3333,"x":0,"y":0}],"scale":[{"time":0,"x":1,"y":1,"curve":[0.402,0,0.555,1]},{"time":0.6667,"x":1.25,"y":1.25,"curve":[0.402,0,0.555,1]},{"time":1.3333,"x":1,"y":1}]},"glow":{"scale":[{"time":0,"x":1,"y":1,"curve":[0.402,0,0.555,1]},{"time":0.6667,"x":1.352,"y":1,"curve":[0.402,0,0.555,1]},{"time":1.3333,"x":1,"y":1}]}}}}}