{
"skeleton": { "hash": "k9yk5buXRAoWpu4SXmITr9OlVOw", "spine": "3.5.51", "width": 743.29, "height": 370.45, "images": "" },
"bones": [
	{ "name": "root" },
	{ "name": "center", "parent": "root", "rotation": 84.76, "x": 2.74, "y": 263.23 },
	{ "name": "back1", "parent": "center", "length": 145.25, "rotation": -94.53, "x": 27.63, "y": -15.79 },
	{ "name": "back2", "parent": "back1", "length": 135.1, "rotation": -62.35, "x": 144.86, "y": -8.22 },
	{ "name": "back3", "parent": "back2", "length": 102.23, "rotation": -14.1, "x": 142.37, "y": -2.24 },
	{ "name": "body1", "parent": "center", "length": 299.44, "x": 0.66, "y": 0.14 },
	{ "name": "front1", "parent": "center", "length": 112.62, "rotation": -83.55, "x": -0.21, "y": -74.45 },
	{ "name": "front2", "parent": "front1", "length": 139.38, "rotation": -43.35, "x": 120.96, "y": 1.93 },
	{ "name": "front3", "parent": "front2", "length": 90.67, "rotation": -43.67, "x": 212.38, "y": -32.52 },
	{ "name": "side1", "parent": "center", "length": 100.39, "rotation": 102.6, "x": 15.17, "y": 59.69 },
	{ "name": "side2", "parent": "side1", "length": 158.16, "rotation": 42.49, "x": 122.28, "y": -9.62 },
	{ "name": "side3", "parent": "side2", "length": 91.11, "rotation": 41.06, "x": 211.23, "y": 39.45 }
],
"slots": [
	{ "name": "Turret-Back-Foot", "bone": "back3", "attachment": "Turret-Back-Foot" },
	{ "name": "Turret-Back-UpperLeg", "bone": "back1", "attachment": "Turret-Back-UpperLeg" },
	{ "name": "Turret-Back-LowerLeg", "bone": "back2", "attachment": "Turret-Back-LowerLeg" },
	{ "name": "Turret-Hips", "bone": "body1", "attachment": "Turret-Hips" },
	{ "name": "Turret-Side-Leg-Top", "bone": "side1", "attachment": "Turret-Side-Leg-Top" },
	{ "name": "Turret-Side-LowerLeg", "bone": "side2", "attachment": "Turret-Side-LowerLeg" },
	{ "name": "Turret-Side-Foot", "bone": "side3", "attachment": "Turret-Side-Foot" },
	{ "name": "Turret-Front-UpperLeg", "bone": "front1", "attachment": "Turret-Front-UpperLeg" },
	{ "name": "Turret-Front-LowerLeg", "bone": "front2", "attachment": "Turret-Front-LowerLeg" },
	{ "name": "Turret-Front-Foot", "bone": "front3", "attachment": "Turret-Front-Foot" }
],
"skins": {
	"default": {
		"Turret-Back-Foot": {
			"Turret-Back-Foot": { "x": 56.38, "y": 5.77, "rotation": 96.96, "width": 73, "height": 143 }
		},
		"Turret-Back-LowerLeg": {
			"Turret-Back-LowerLeg": { "x": 55.05, "y": -2.76, "rotation": 99.93, "width": 105, "height": 195 }
		},
		"Turret-Back-UpperLeg": {
			"Turret-Back-UpperLeg": { "x": 71.15, "y": -12.71, "rotation": 94.22, "width": 91, "height": 191 }
		},
		"Turret-Front-Foot": {
			"Turret-Front-Foot": { "x": 44.58, "y": 3.53, "rotation": 97.96, "width": 77, "height": 117 }
		},
		"Turret-Front-LowerLeg": {
			"Turret-Front-LowerLeg": { "x": 96.9, "y": -3.04, "rotation": 71.1, "width": 137, "height": 270 }
		},
		"Turret-Front-UpperLeg": {
			"Turret-Front-UpperLeg": { "x": 69.76, "y": -28.17, "rotation": 101.53, "width": 127, "height": 164 }
		},
		"Turret-Hips": {
			"Turret-Hips": { "x": 20.65, "y": -4.07, "rotation": -84.76, "width": 187, "height": 128 }
		},
		"Turret-Side-Foot": {
			"Turret-Side-Foot": { "x": 41.23, "y": -2.73, "rotation": 81.74, "width": 77, "height": 117 }
		},
		"Turret-Side-Leg-Top": {
			"Turret-Side-Leg-Top": { "x": 71.37, "y": 23.77, "rotation": 75.06, "width": 127, "height": 164 }
		},
		"Turret-Side-LowerLeg": {
			"Turret-Side-LowerLeg": { "x": 95.04, "y": 1.05, "rotation": 108.84, "width": 136, "height": 270 }
		}
	}
},
"animations": {
	"idle": {
		"bones": {
			"front2": {
				"rotate": [
					{ "time": 0, "angle": 40.15, "curve": "stepped" },
					{ "time": 0.3333, "angle": 40.15 }
				]
			},
			"center": {
				"translate": [
					{ "time": 0, "x": 0, "y": -226.32, "curve": "stepped" },
					{ "time": 0.3333, "x": 0, "y": -226.32 }
				]
			},
			"front1": {
				"rotate": [
					{ "time": 0, "angle": 3.89, "curve": "stepped" },
					{ "time": 0.3333, "angle": 3.89 }
				]
			},
			"side2": {
				"rotate": [
					{ "time": 0, "angle": -64.94, "curve": "stepped" },
					{ "time": 0.3333, "angle": -64.94 }
				]
			},
			"side1": {
				"rotate": [
					{ "time": 0, "angle": 6.18, "curve": "stepped" },
					{ "time": 0.3333, "angle": 6.18 }
				]
			},
			"side3": {
				"rotate": [
					{ "time": 0, "angle": -17.22, "curve": "stepped" },
					{ "time": 0.3333, "angle": -17.22 }
				]
			},
			"back1": {
				"rotate": [
					{ "time": 0, "angle": 10.26, "curve": "stepped" },
					{ "time": 0.3333, "angle": 10.26 }
				]
			},
			"back2": {
				"rotate": [
					{ "time": 0, "angle": 54.47, "curve": "stepped" },
					{ "time": 0.3333, "angle": 54.47 }
				]
			},
			"front3": {
				"rotate": [
					{ "time": 0, "angle": 26.07, "curve": "stepped" },
					{ "time": 0.3333, "angle": 26.07 }
				]
			}
		}
	},
	"fall": {
		"bones": {
			"center": {
				"rotate": [
					{ "time": 0, "angle": 0 }
				],
				"translate": [
					{
						"time": 0,
						"x": 0,
						"y": 0,
						"curve": [ 0.396, 0, 0.557, 1 ]
					},
					{ "time": 0.3333, "x": 0, "y": -226.32, "curve": "stepped" },
					{ "time": 1.6667, "x": 0, "y": -226.32 }
				]
			},
			"back1": {
				"rotate": [
					{
						"time": 0,
						"angle": 0,
						"curve": [ 0.396, 0, 0.557, 1 ]
					},
					{ "time": 0.3333, "angle": 10.26, "curve": "stepped" },
					{ "time": 1.6667, "angle": 10.26 }
				],
				"translate": [
					{ "time": 0, "x": 0, "y": 0 }
				]
			},
			"back2": {
				"rotate": [
					{
						"time": 0,
						"angle": 0,
						"curve": [ 0.396, 0, 0.557, 1 ]
					},
					{ "time": 0.3333, "angle": 54.47, "curve": "stepped" },
					{ "time": 1.6667, "angle": 54.47 }
				],
				"translate": [
					{ "time": 0, "x": 0, "y": 0 }
				]
			},
			"back3": {
				"rotate": [
					{ "time": 0, "angle": 0 }
				],
				"translate": [
					{ "time": 0, "x": 0, "y": 0 }
				]
			},
			"body1": {
				"rotate": [
					{ "time": 0, "angle": 0 }
				],
				"translate": [
					{ "time": 0, "x": 0, "y": 0 }
				]
			},
			"front1": {
				"rotate": [
					{
						"time": 0,
						"angle": 0,
						"curve": [ 0.396, 0, 0.557, 1 ]
					},
					{ "time": 0.3333, "angle": 3.89, "curve": "stepped" },
					{ "time": 1.6667, "angle": 3.89 }
				],
				"translate": [
					{ "time": 0, "x": 0, "y": 0 }
				]
			},
			"front2": {
				"rotate": [
					{
						"time": 0,
						"angle": 0,
						"curve": [ 0.396, 0, 0.557, 1 ]
					},
					{ "time": 0.3333, "angle": 40.15, "curve": "stepped" },
					{ "time": 1.6667, "angle": 40.15 }
				],
				"translate": [
					{ "time": 0, "x": 0, "y": 0 }
				]
			},
			"front3": {
				"rotate": [
					{
						"time": 0,
						"angle": 0,
						"curve": [ 0.396, 0, 0.557, 1 ]
					},
					{ "time": 0.3333, "angle": 26.07, "curve": "stepped" },
					{ "time": 1.6667, "angle": 26.07 }
				],
				"translate": [
					{ "time": 0, "x": 0, "y": 0 }
				]
			},
			"side1": {
				"rotate": [
					{
						"time": 0,
						"angle": 0,
						"curve": [ 0.396, 0, 0.557, 1 ]
					},
					{ "time": 0.3333, "angle": 6.18, "curve": "stepped" },
					{ "time": 1.6667, "angle": 6.18 }
				],
				"translate": [
					{ "time": 0, "x": 0, "y": 0 }
				]
			},
			"side2": {
				"rotate": [
					{
						"time": 0,
						"angle": 0,
						"curve": [ 0.396, 0, 0.557, 1 ]
					},
					{ "time": 0.3333, "angle": -64.94, "curve": "stepped" },
					{ "time": 1.6667, "angle": -64.94 }
				],
				"translate": [
					{ "time": 0, "x": 0, "y": 0 }
				]
			},
			"side3": {
				"rotate": [
					{
						"time": 0,
						"angle": 0,
						"curve": [ 0.396, 0, 0.557, 1 ]
					},
					{ "time": 0.3333, "angle": -17.22, "curve": "stepped" },
					{ "time": 1.6667, "angle": -17.22 }
				],
				"translate": [
					{ "time": 0, "x": 0, "y": 0 }
				]
			}
		}
	}
}
}