{"skeleton":{"hash":"G7FFmObgfCpQpHfxMZDeDIbc40c","spine":"3.6.37","width":352.89,"height":444.46,"images":""},"bones":[{"name":"root"},{"name":"main","parent":"root","x":-8.46,"y":49.05},{"name":"body","parent":"main","length":80.12,"rotation":90.45,"x":-0.05,"y":-0.71},{"name":"arm","parent":"body","x":66.67,"y":8.74},{"name":"bfoot","parent":"main","rotation":90.45,"x":58.82,"y":-22.83},{"name":"ffoot","parent":"main","rotation":90.45,"x":-43.36,"y":-22.61},{"name":"hand","parent":"body","x":9.93,"y":35.03},{"name":"head","parent":"body","length":99.03,"rotation":-0.93,"x":98.02,"y":-13.3,"scaleX":1.12,"scaleY":1.12},{"name":"mask","parent":"head","rotation":-89.52,"x":100.36,"y":-27.28}],"slots":[{"name":"jetpack2","bone":"bfoot"},{"name":"bfoot","bone":"bfoot","attachment":"foot"},{"name":"body","bone":"body","attachment":"body"},{"name":"body2","bone":"body","attachment":"body2"},{"name":"splatter5","bone":"body","attachment":"splatter1"},{"name":"splatter6","bone":"body","attachment":"splatter3"},{"name":"horn2","bone":"head","attachment":"horn_flipped"},{"name":"head","bone":"head","attachment":"head"},{"name":"splatter8","bone":"head","attachment":"splatter2"},{"name":"splatter7","bone":"head","attachment":"splatter3"},{"name":"splatter4","bone":"head","attachment":"splatter4"},{"name":"splatter3","bone":"head","attachment":"splatter3"},{"name":"splatter2","bone":"head","attachment":"splatter2"},{"name":"splatter1","bone":"head","attachment":"splatter1"},{"name":"eyes","bone":"head","attachment":"eyes"},{"name":"horn","bone":"head","attachment":"horn"},{"name":"jetpack1","bone":"ffoot"},{"name":"ffoot","bone":"ffoot","attachment":"foot"},{"name":"mask","bone":"mask","attachment":"mask"},{"name":"hand","bone":"hand","attachment":"hand"},{"name":"arm","bone":"arm","attachment":"arm"}],"skins":{"default":{"arm":{"arm":{"y":-0.6,"width":4,"height":4}},"bfoot":{"foot":{"x":3.35,"y":-0.84,"scaleX":2.4,"scaleY":2.4,"rotation":-90.45,"width":41,"height":24}},"body":{"body":{"x":62.53,"y":-4.69,"scaleX":2.4,"scaleY":2.4,"rotation":-90.45,"width":52,"height":37}},"body2":{"body2":{"x":-3.32,"y":-3.99,"scaleX":2.4,"scaleY":2.4,"rotation":-90.45,"width":52,"height":20}},"eyes":{"eyes":{"x":90.26,"y":-33.32,"scaleX":2.4,"scaleY":2.4,"rotation":-89.1,"width":128,"height":64}},"ffoot":{"foot":{"x":2.32,"y":-2.42,"scaleX":2.4,"scaleY":2.4,"rotation":-90.45,"width":41,"height":24}},"hand":{"hand":{"x":-0.35,"y":-2.1,"scaleX":2.4,"scaleY":2.4,"rotation":172.03,"width":31,"height":30}},"head":{"head":{"x":125.91,"y":-3.3,"scaleX":2.4,"scaleY":2.4,"rotation":-89.1,"width":102,"height":116}},"horn":{"horn":{"x":179.19,"y":65.15,"scaleX":2.4,"scaleY":2.4,"rotation":-87.54,"width":26,"height":29}},"horn2":{"horn_flipped":{"x":180.54,"y":-90.87,"scaleX":2.4,"scaleY":2.4,"rotation":-89.52,"width":26,"height":29}},"mask":{"mask":{"scaleX":2.4,"scaleY":2.4,"rotation":359.52,"width":128,"height":128}},"splatter1":{"splatter1":{"x":125.16,"y":29.79,"rotation":-2.93,"width":90,"height":40}},"splatter2":{"splatter2":{"x":39.78,"y":16.6,"rotation":61.85,"width":122,"height":46}},"splatter3":{"splatter3":{"x":36.75,"y":-66.17,"rotation":-43.54,"width":88,"height":46}},"splatter4":{"splatter4":{"x":155.46,"y":5.95,"rotation":-81.62,"width":78,"height":28}},"splatter5":{"splatter1":{"x":58.26,"y":16.81,"scaleX":0.613,"scaleY":1.001,"rotation":-19.77,"width":90,"height":40}},"splatter6":{"splatter3":{"x":55.93,"y":-11.97,"scaleX":0.72,"scaleY":1.031,"rotation":-58.63,"width":88,"height":46}},"splatter7":{"splatter3":{"x":122.54,"y":-90.43,"rotation":37.36,"width":88,"height":46}},"splatter8":{"splatter2":{"x":90.65,"y":75.51,"rotation":-19.54,"width":122,"height":46}}}},"animations":{"airjump":{"bones":{"ffoot":{"rotate":[{"time":0,"angle":-1.06,"curve":[0.296,0,0.678,1]},{"time":0.0667,"angle":-17.78,"curve":[0.296,0,0.678,1]},{"time":0.1333,"angle":7.05,"curve":[0.296,0,0.678,1]},{"time":0.2,"angle":-10.08,"curve":[0.296,0,0.678,1]},{"time":0.2667,"angle":-1.06}],"translate":[{"time":0,"x":2.71,"y":20.3,"curve":[0.296,0,0.678,1]},{"time":0.0667,"x":-12.85,"y":-31.54,"curve":[0.296,0,0.678,1]},{"time":0.1333,"x":-2.48,"y":39.74,"curve":[0.296,0,0.678,1]},{"time":0.2,"x":-1.18,"y":-30.25,"curve":[0.296,0,0.678,1]},{"time":0.2667,"x":2.71,"y":20.3}]},"bfoot":{"rotate":[{"time":0,"angle":18.66,"curve":[0.296,0,0.678,1]},{"time":0.0667,"angle":4.23,"curve":[0.296,0,0.678,1]},{"time":0.1333,"angle":9.67,"curve":[0.296,0,0.678,1]},{"time":0.2,"angle":0.69,"curve":[0.296,0,0.678,1]},{"time":0.2667,"angle":18.66}],"translate":[{"time":0,"x":-12.12,"y":-15.95,"curve":[0.296,0,0.678,1]},{"time":0.0667,"x":-22.49,"y":30.7,"curve":[0.296,0,0.678,1]},{"time":0.1333,"x":-18.6,"y":-26.32,"curve":[0.296,0,0.678,1]},{"time":0.2,"x":-13.42,"y":35.89,"curve":[0.296,0,0.678,1]},{"time":0.2667,"x":-12.12,"y":-15.95}]}}},"dance":{"bones":{"main":{"rotate":[{"time":0,"angle":0,"curve":"stepped"},{"time":0.1333,"angle":0,"curve":"stepped"},{"time":0.5333,"angle":0,"curve":"stepped"},{"time":0.6,"angle":0,"curve":"stepped"},{"time":0.6667,"angle":0,"curve":[0.237,-0.1,0.778,1.09]},{"time":0.8667,"angle":7.65,"curve":[0.237,-0.1,0.778,1.09]},{"time":1.1,"angle":0,"curve":"stepped"},{"time":1.3333,"angle":0}],"translate":[{"time":0,"x":0,"y":0,"curve":"stepped"},{"time":0.1333,"x":0,"y":0,"curve":[0.237,-0.1,0.778,1.09]},{"time":0.3333,"x":2.68,"y":20.22,"curve":[0.237,-0.1,0.778,1.09]},{"time":0.5333,"x":0,"y":0,"curve":"stepped"},{"time":0.6,"x":0,"y":0,"curve":"stepped"},{"time":0.6667,"x":0,"y":0,"curve":[0.237,-0.1,0.778,1.09]},{"time":0.8667,"x":2.68,"y":37.2,"curve":[0.237,-0.1,0.778,1.09]},{"time":1.1,"x":0,"y":0,"curve":"stepped"},{"time":1.3333,"x":0,"y":0}]},"bfoot":{"rotate":[{"time":0,"angle":0,"curve":"stepped"},{"time":0.1333,"angle":0,"curve":[0.237,-0.1,0.778,1.09]},{"time":0.3333,"angle":15.57,"curve":[0.237,-0.1,0.778,1.09]},{"time":0.5333,"angle":0,"curve":"stepped"},{"time":0.6,"angle":0,"curve":"stepped"},{"time":0.6667,"angle":0,"curve":[0.237,-0.1,0.778,1.09]},{"time":0.8667,"angle":26.07,"curve":[0.237,-0.1,0.778,1.09]},{"time":1.1,"angle":0,"curve":"stepped"},{"time":1.3333,"angle":0}],"translate":[{"time":0,"x":0,"y":0,"curve":"stepped"},{"time":0.1333,"x":0,"y":0,"curve":[0.237,-0.1,0.778,1.09]},{"time":0.3333,"x":0,"y":43.29,"curve":[0.237,-0.1,0.778,1.09]},{"time":0.5333,"x":0,"y":0,"curve":"stepped"},{"time":0.6,"x":0,"y":0,"curve":"stepped"},{"time":0.6667,"x":0,"y":0,"curve":[0.237,-0.1,0.778,1.09]},{"time":0.8667,"x":0.13,"y":56.98,"curve":[0.237,-0.1,0.778,1.09]},{"time":1.1,"x":0,"y":0,"curve":"stepped"},{"time":1.3333,"x":0,"y":0}]},"body":{"rotate":[{"time":0,"angle":0,"curve":[0.237,-0.1,0.778,1.09]},{"time":0.1333,"angle":-6.13,"curve":[0.237,-0.1,0.778,1.09]},{"time":0.5333,"angle":0,"curve":[0.237,-0.1,0.778,1.09]},{"time":0.6,"angle":-6.13,"curve":[0.237,-0.1,0.778,1.09]},{"time":0.6667,"angle":0,"curve":[0.237,-0.1,0.778,1.09]},{"time":1.1,"angle":-6.13,"curve":[0.237,-0.1,0.778,1.09]},{"time":1.3333,"angle":0}],"translate":[{"time":0,"x":0,"y":0,"curve":[0.237,-0.1,0.778,1.09]},{"time":0.1333,"x":1.04,"y":-9.36,"curve":[0.237,-0.1,0.778,1.09]},{"time":0.3333,"x":9.36,"y":45.63,"curve":[0.237,-0.1,0.778,1.09]},{"time":0.5333,"x":0,"y":0,"curve":[0.237,-0.1,0.778,1.09]},{"time":0.6,"x":1.04,"y":-9.36,"curve":[0.237,-0.1,0.778,1.09]},{"time":0.6667,"x":0,"y":0,"curve":[0.237,-0.1,0.778,1.09]},{"time":0.8667,"x":9.36,"y":45.63,"curve":[0.237,-0.1,0.778,1.09]},{"time":1.1,"x":1.04,"y":-9.36,"curve":[0.237,-0.1,0.778,1.09]},{"time":1.3333,"x":0,"y":0}]},"ffoot":{"rotate":[{"time":0,"angle":0,"curve":"stepped"},{"time":0.1333,"angle":0,"curve":[0.237,-0.1,0.778,1.09]},{"time":0.3333,"angle":-38.62,"curve":[0.237,-0.1,0.778,1.09]},{"time":0.5333,"angle":0,"curve":"stepped"},{"time":0.6,"angle":0,"curve":"stepped"},{"time":0.6667,"angle":0,"curve":[0.237,-0.1,0.778,1.09]},{"time":0.8667,"angle":-38.62,"curve":[0.237,-0.1,0.778,1.09]},{"time":1.1,"angle":0,"curve":"stepped"},{"time":1.3333,"angle":0}],"translate":[{"time":0,"x":0,"y":0,"curve":"stepped"},{"time":0.1333,"x":0,"y":0,"curve":[0.237,-0.1,0.778,1.09]},{"time":0.3333,"x":9.36,"y":43.29,"curve":[0.237,-0.1,0.778,1.09]},{"time":0.5333,"x":0,"y":0,"curve":"stepped"},{"time":0.6,"x":0,"y":0,"curve":"stepped"},{"time":0.6667,"x":0,"y":0,"curve":[0.237,-0.1,0.778,1.09]},{"time":0.8667,"x":8.81,"y":51.93,"curve":[0.237,-0.1,0.778,1.09]},{"time":1.1,"x":0,"y":0,"curve":"stepped"},{"time":1.3333,"x":0,"y":0}]},"head":{"rotate":[{"time":0,"angle":0,"curve":"stepped"},{"time":0.1333,"angle":0,"curve":[0.237,-0.1,0.778,1.09]},{"time":0.3333,"angle":32.07,"curve":[0.237,-0.1,0.778,1.09]},{"time":0.5333,"angle":0,"curve":"stepped"},{"time":0.6,"angle":0,"curve":"stepped"},{"time":0.6667,"angle":0,"curve":[0.237,-0.1,0.778,1.09]},{"time":0.8667,"angle":32.07,"curve":[0.237,-0.1,0.778,1.09]},{"time":1.1,"angle":0,"curve":"stepped"},{"time":1.3333,"angle":0}],"translate":[{"time":0,"x":0,"y":0,"curve":"stepped"},{"time":0.1333,"x":0,"y":0,"curve":"stepped"},{"time":0.5333,"x":0,"y":0,"curve":"stepped"},{"time":0.6,"x":0,"y":0,"curve":"stepped"},{"time":0.6667,"x":0,"y":0,"curve":"stepped"},{"time":1.1,"x":0,"y":0,"curve":"stepped"},{"time":1.3333,"x":0,"y":0}]}}},"falldamage":{"bones":{"main":{"rotate":[{"time":0,"angle":0,"curve":"stepped"},{"time":0.5,"angle":0}],"translate":[{"time":0,"x":0,"y":0,"curve":"stepped"},{"time":0.5,"x":0,"y":0}],"scale":[{"time":0,"x":1,"y":1,"curve":"stepped"},{"time":0.5,"x":1,"y":1}]},"bfoot":{"rotate":[{"time":0,"angle":0,"curve":"stepped"},{"time":0.5,"angle":0}],"translate":[{"time":0,"x":0,"y":0,"curve":[0.556,-0.01,0.516,1]},{"time":0.1667,"x":0,"y":-9.85,"curve":[0.556,-0.01,0.516,1]},{"time":0.5,"x":0,"y":0}],"scale":[{"time":0,"x":1,"y":1,"curve":[0.556,-0.01,0.516,1]},{"time":0.1667,"x":0.627,"y":1.831,"curve":[0.556,-0.01,0.516,1]},{"time":0.5,"x":1,"y":1}]},"body":{"rotate":[{"time":0,"angle":0,"curve":"stepped"},{"time":0.5,"angle":0}],"translate":[{"time":0,"x":0,"y":0,"curve":[0.556,-0.01,0.516,1]},{"time":0.1667,"x":3.28,"y":-47.04,"curve":[0.556,-0.01,0.516,1]},{"time":0.5,"x":0,"y":0}],"scale":[{"time":0,"x":1,"y":1,"curve":[0.556,-0.01,0.516,1]},{"time":0.1667,"x":0.267,"y":3.578,"curve":[0.556,-0.01,0.516,1]},{"time":0.5,"x":1,"y":1}]},"ffoot":{"rotate":[{"time":0,"angle":0,"curve":"stepped"},{"time":0.5,"angle":0}],"translate":[{"time":0,"x":0,"y":0,"curve":[0.556,-0.01,0.516,1]},{"time":0.1667,"x":0,"y":-10.94,"curve":[0.556,-0.01,0.516,1]},{"time":0.5,"x":0,"y":0}],"scale":[{"time":0,"x":1,"y":1,"curve":[0.556,-0.01,0.516,1]},{"time":0.1667,"x":0.627,"y":1.886,"curve":[0.556,-0.01,0.516,1]},{"time":0.5,"x":1,"y":1}]},"head":{"rotate":[{"time":0,"angle":0,"curve":"stepped"},{"time":0.5,"angle":0}],"translate":[{"time":0,"x":0,"y":0,"curve":"stepped"},{"time":0.5,"x":0,"y":0}],"scale":[{"time":0,"x":1,"y":1,"curve":[0.556,-0.01,0.516,1]},{"time":0.1667,"x":1,"y":0.364,"curve":[0.556,-0.01,0.516,1]},{"time":0.5,"x":1,"y":1}]}}},"frontflip":{"bones":{"ffoot":{"rotate":[{"time":0,"angle":-52.43,"curve":[0.326,0,0.658,1]},{"time":1.3333,"angle":-2.27,"curve":[0.326,0,0.658,1]},{"time":1.5667,"angle":-52.43,"curve":"stepped"},{"time":1.6667,"angle":-52.43}],"translate":[{"time":0,"x":44.57,"y":39.5,"curve":[0.326,0,0.658,1]},{"time":1.3333,"x":74.43,"y":-1.16,"curve":[0.326,0,0.658,1]},{"time":1.4333,"x":16.2,"y":-1.46,"curve":[0.326,0,0.658,1]},{"time":1.5667,"x":-35.92,"y":1.03,"curve":[0.326,0,0.658,1]},{"time":1.6667,"x":44.57,"y":39.5}]},"hand":{"rotate":[{"time":0,"angle":-69.03},{"time":1.3333,"angle":-36.97},{"time":1.5667,"angle":-77.21},{"time":1.6667,"angle":-69.03}],"translate":[{"time":0,"x":20.13,"y":72.49},{"time":1.3333,"x":4.95,"y":57},{"time":1.5667,"x":38.37,"y":69.74},{"time":1.6667,"x":20.13,"y":72.49}]},"bfoot":{"rotate":[{"time":0,"angle":-0.8,"curve":[0.326,0,0.658,1]},{"time":1.3333,"angle":-67.02,"curve":[0.326,0,0.658,1]},{"time":1.5667,"angle":-0.8,"curve":"stepped"},{"time":1.6667,"angle":-0.8}],"translate":[{"time":0,"x":-68.7,"y":-1.25,"curve":[0.326,0,0.658,1]},{"time":1.3333,"x":-129.81,"y":13.97,"curve":[0.326,0,0.658,1]},{"time":1.4333,"x":-52.71,"y":41.39,"curve":[0.326,0,0.658,1]},{"time":1.5667,"x":-13.96,"y":0,"curve":[0.326,0,0.658,1]},{"time":1.6667,"x":-68.7,"y":-1.25}]},"main":{"rotate":[{"time":0,"angle":0,"curve":"stepped"},{"time":1.4333,"angle":0,"curve":"stepped"},{"time":1.6667,"angle":0}],"translate":[{"time":0,"x":0,"y":0,"curve":"stepped"},{"time":1.4333,"x":0,"y":0,"curve":"stepped"},{"time":1.6667,"x":0,"y":0}]},"body":{"rotate":[{"time":0,"angle":0},{"time":0.1,"angle":-32.66},{"time":0.2,"angle":-85.27},{"time":0.4,"angle":-200.78},{"time":0.5,"angle":69.05},{"time":0.6,"angle":0,"curve":"stepped"},{"time":1.3333,"angle":0}],"translate":[{"time":0,"x":0,"y":0},{"time":0.1,"x":-141.29,"y":105.56},{"time":0.2,"x":-162.4,"y":277.24},{"time":0.3,"x":4.84,"y":389.63},{"time":0.4,"x":170.85,"y":376.01},{"time":0.5,"x":207.86,"y":122.3},{"time":0.6,"x":0,"y":0,"curve":"stepped"},{"time":1.3333,"x":0,"y":0}]},"head":{"rotate":[{"time":0,"angle":0},{"time":0.1667,"angle":-38.68},{"time":0.3333,"angle":-38.89},{"time":0.5333,"angle":-13.88},{"time":0.6667,"angle":0,"curve":"stepped"},{"time":1.3333,"angle":0}],"translate":[{"time":0,"x":0,"y":0,"curve":"stepped"},{"time":0.6667,"x":0,"y":0,"curve":"stepped"},{"time":1.3333,"x":0,"y":0}]}}},"idle":{"bones":{"body":{"rotate":[{"time":0,"angle":0,"curve":[0.274,-0.07,0.7,1.05]},{"time":0.5,"angle":-0.86,"curve":[0.274,-0.07,0.7,1.05]},{"time":1,"angle":0,"curve":[0.274,-0.07,0.7,1.05]},{"time":1.5,"angle":-0.86,"curve":[0.274,-0.07,0.7,1.05]},{"time":2,"angle":0,"curve":[0.274,-0.07,0.7,1.05]},{"time":2.5,"angle":-0.86,"curve":[0.274,-0.07,0.7,1.05]},{"time":3,"angle":0}],"translate":[{"time":0,"x":0,"y":0,"curve":[0.274,-0.07,0.7,1.05]},{"time":0.5,"x":0.75,"y":-3.75,"curve":[0.274,-0.07,0.7,1.05]},{"time":1,"x":0,"y":0,"curve":[0.274,-0.07,0.7,1.05]},{"time":1.5,"x":0.75,"y":-3.75,"curve":[0.274,-0.07,0.7,1.05]},{"time":2,"x":0,"y":0,"curve":[0.274,-0.07,0.7,1.05]},{"time":2.5,"x":0.75,"y":-3.75,"curve":[0.274,-0.07,0.7,1.05]},{"time":3,"x":0,"y":0}]},"bfoot":{"rotate":[{"time":0,"angle":0,"curve":"stepped"},{"time":0.5,"angle":0,"curve":[0.274,-0.07,0.7,1.05]},{"time":1,"angle":36.52,"curve":[0.274,-0.07,0.7,1.05]},{"time":1.5,"angle":0,"curve":"stepped"},{"time":2,"angle":0,"curve":"stepped"},{"time":2.5,"angle":0,"curve":"stepped"},{"time":3,"angle":0}],"translate":[{"time":0,"x":0,"y":0,"curve":"stepped"},{"time":0.5,"x":0,"y":0,"curve":[0.274,-0.07,0.7,1.05]},{"time":1,"x":6.88,"y":32.13,"curve":[0.274,-0.07,0.7,1.05]},{"time":1.5,"x":0,"y":0,"curve":"stepped"},{"time":2,"x":0,"y":0,"curve":"stepped"},{"time":2.5,"x":0,"y":0,"curve":"stepped"},{"time":3,"x":0,"y":0}]},"ffoot":{"rotate":[{"time":0,"angle":0,"curve":"stepped"},{"time":1,"angle":0,"curve":"stepped"},{"time":1.5,"angle":0,"curve":[0.274,-0.07,0.7,1.05]},{"time":2,"angle":-20.86,"curve":[0.274,-0.07,0.7,1.05]},{"time":2.5,"angle":0,"curve":"stepped"},{"time":3,"angle":0}],"translate":[{"time":0,"x":0,"y":0,"curve":"stepped"},{"time":1,"x":0,"y":0,"curve":"stepped"},{"time":1.5,"x":0,"y":0,"curve":[0.274,-0.07,0.7,1.05]},{"time":2,"x":-9.94,"y":12.24,"curve":[0.274,-0.07,0.7,1.05]},{"time":2.5,"x":0,"y":0,"curve":"stepped"},{"time":3,"x":0,"y":0}]},"head":{"rotate":[{"time":0,"angle":0,"curve":[0.274,-0.07,0.7,1.05]},{"time":0.5,"angle":-0.87,"curve":[0.274,-0.07,0.7,1.05]},{"time":1,"angle":0,"curve":[0.274,-0.07,0.7,1.05]},{"time":1.5,"angle":-0.87,"curve":[0.274,-0.07,0.7,1.05]},{"time":2,"angle":0,"curve":[0.274,-0.07,0.7,1.05]},{"time":2.5,"angle":-0.87,"curve":[0.274,-0.07,0.7,1.05]},{"time":3,"angle":0}],"translate":[{"time":0,"x":0,"y":0,"curve":"stepped"},{"time":1,"x":0,"y":0,"curve":"stepped"},{"time":2,"x":0,"y":0,"curve":"stepped"},{"time":2.5,"x":0,"y":0,"curve":"stepped"},{"time":3,"x":0,"y":0}]},"root":{"rotate":[{"time":0,"angle":0,"curve":"stepped"},{"time":1,"angle":0,"curve":"stepped"},{"time":2,"angle":0,"curve":"stepped"},{"time":2.5,"angle":0,"curve":"stepped"},{"time":3,"angle":0}],"translate":[{"time":0,"x":0,"y":0,"curve":"stepped"},{"time":1,"x":0,"y":0,"curve":"stepped"},{"time":2,"x":0,"y":0,"curve":"stepped"},{"time":2.5,"x":0,"y":0,"curve":"stepped"},{"time":3,"x":0,"y":0}]},"main":{"rotate":[{"time":0,"angle":0,"curve":"stepped"},{"time":1,"angle":0,"curve":"stepped"},{"time":2,"angle":0,"curve":"stepped"},{"time":2.5,"angle":0,"curve":"stepped"},{"time":3,"angle":0}],"translate":[{"time":0,"x":0,"y":0,"curve":"stepped"},{"time":1,"x":0,"y":0,"curve":"stepped"},{"time":2,"x":0,"y":0,"curve":"stepped"},{"time":2.5,"x":0,"y":0,"curve":"stepped"},{"time":3,"x":0,"y":0}]},"hand":{"rotate":[{"time":0,"angle":0,"curve":[0.25,0,0.75,1]},{"time":0.6667,"angle":-9.06,"curve":[0.246,0,0.723,0.88]},{"time":1.1667,"angle":132.79,"curve":"stepped"},{"time":1.5,"angle":132.79,"curve":"stepped"},{"time":1.8333,"angle":132.79,"curve":[0.335,0.35,0.668,0.68]},{"time":3,"angle":0}],"translate":[{"time":0,"x":0,"y":0,"curve":[0.25,0,0.75,1]},{"time":0.6667,"x":-0.06,"y":19.4,"curve":[0.246,0,0.723,0.88]},{"time":1.1667,"x":53.89,"y":-71.39,"curve":[0.335,0.35,0.668,0.68]},{"time":1.5,"x":63.41,"y":-72.55,"curve":[0.335,0.35,0.668,0.68]},{"time":1.8333,"x":53.89,"y":-71.39,"curve":[0.335,0.35,0.668,0.68]},{"time":3,"x":0,"y":0}]}}},"jump":{"bones":{"main":{"rotate":[{"time":0,"angle":0.47}],"translate":[{"time":0,"x":0,"y":0}]},"bfoot":{"rotate":[{"time":0,"angle":33.88,"curve":"stepped"},{"time":0.1667,"angle":33.88,"curve":"stepped"},{"time":0.3333,"angle":33.88}],"translate":[{"time":0,"x":-12.07,"y":11.6,"curve":[0.25,0,0.75,1]},{"time":0.1667,"x":-12.19,"y":-2.54,"curve":[0.25,0,0.75,1]},{"time":0.3333,"x":-12.07,"y":11.6}]},"ffoot":{"rotate":[{"time":0,"angle":-36.87,"curve":"stepped"},{"time":0.1667,"angle":-36.87,"curve":"stepped"},{"time":0.3333,"angle":-36.87}],"translate":[{"time":0,"x":-4.44,"y":9.77,"curve":[0.25,0,0.75,1]},{"time":0.1667,"x":-4.56,"y":-4.37,"curve":[0.25,0,0.75,1]},{"time":0.3333,"x":-4.44,"y":9.77}]},"body":{"rotate":[{"time":0,"angle":0}],"translate":[{"time":0,"x":0,"y":0}]},"hand":{"rotate":[{"time":0,"angle":-66.42}],"translate":[{"time":0,"x":26.6,"y":52.72}]}}},"jumpback":{"bones":{"ffoot":{"rotate":[{"time":0,"angle":24.82}],"translate":[{"time":0,"x":23.35,"y":7.78}]},"bfoot":{"rotate":[{"time":0,"angle":25.89}],"translate":[{"time":0,"x":-8.9,"y":10.01}]}}},"jumppad":{"bones":{"body":{"rotate":[{"time":0,"angle":0,"curve":"stepped"},{"time":0.1333,"angle":0,"curve":"stepped"},{"time":0.4333,"angle":0,"curve":"stepped"},{"time":0.6,"angle":0,"curve":"stepped"},{"time":1.3333,"angle":0}],"translate":[{"time":0,"x":0,"y":0,"curve":"stepped"},{"time":0.1333,"x":0,"y":0,"curve":"stepped"},{"time":0.4333,"x":0,"y":0,"curve":"stepped"},{"time":0.6,"x":0,"y":0,"curve":"stepped"},{"time":1.3333,"x":0,"y":0}]},"ffoot":{"rotate":[{"time":0,"angle":-36.87,"curve":[0.25,0,0.75,1]},{"time":0.1333,"angle":-50.97,"curve":[0.482,0,0.75,1]},{"time":0.4333,"angle":-71.47,"curve":[0.408,-0.01,0.888,0.98]},{"time":0.6,"angle":-36.87,"curve":"stepped"},{"time":1.3333,"angle":-36.87}],"translate":[{"time":0,"x":-4.44,"y":9.77,"curve":[0.25,0,0.75,1]},{"time":0.1333,"x":-25.36,"y":-64.44,"curve":[0.482,0,0.75,1]},{"time":0.4333,"x":-10.57,"y":48.97,"curve":[0.408,-0.01,0.888,0.98]},{"time":0.6,"x":-4.44,"y":9.77,"curve":"stepped"},{"time":1.3333,"x":-4.44,"y":9.77}]},"main":{"rotate":[{"time":0,"angle":0.47,"curve":"stepped"},{"time":0.1333,"angle":0.47,"curve":"stepped"},{"time":0.4333,"angle":0.47,"curve":"stepped"},{"time":0.6,"angle":0.47,"curve":"stepped"},{"time":1.3333,"angle":0.47}],"translate":[{"time":0,"x":0,"y":0,"curve":"stepped"},{"time":0.1333,"x":0,"y":0,"curve":"stepped"},{"time":0.4333,"x":0,"y":0,"curve":"stepped"},{"time":0.6,"x":0,"y":0,"curve":"stepped"},{"time":1.3333,"x":0,"y":0}]},"bfoot":{"rotate":[{"time":0,"angle":33.88,"curve":[0.25,0,0.75,1]},{"time":0.1333,"angle":47.05,"curve":[0.482,0,0.75,1]},{"time":0.4333,"angle":68.77,"curve":[0.408,-0.01,0.888,0.98]},{"time":0.6,"angle":33.88,"curve":"stepped"},{"time":1.3333,"angle":33.88}],"translate":[{"time":0,"x":-12.07,"y":11.6,"curve":[0.25,0,0.75,1]},{"time":0.1333,"x":7.58,"y":-66.64,"curve":[0.482,0,0.75,1]},{"time":0.4333,"x":-6.26,"y":44.23,"curve":[0.408,-0.01,0.888,0.98]},{"time":0.6,"x":-12.07,"y":11.6,"curve":"stepped"},{"time":1.3333,"x":-12.07,"y":11.6}]},"hand":{"rotate":[{"time":0,"angle":-74.46},{"time":0.1333,"angle":-102.08},{"time":0.4333,"angle":-80.36},{"time":1.3333,"angle":-74.46}],"translate":[{"time":0,"x":37.99,"y":43.54},{"time":0.1333,"x":123.09,"y":88.27},{"time":0.4333,"x":37.25,"y":88.93},{"time":1.3333,"x":37.99,"y":43.54}]}}},"roll":{"bones":{"ffoot":{"rotate":[{"time":0,"angle":-23.25,"curve":[0.431,-0.01,0.691,0.77]},{"time":0.3333,"angle":-112.88},{"time":0.5333,"angle":-188.1},{"time":0.7333,"angle":4.77},{"time":1.0667,"angle":-0.03,"curve":[0.416,0,0.618,0.99]},{"time":1.3333,"angle":0.72,"curve":[0.416,0,0.618,0.99]},{"time":1.6,"angle":-0.03}],"translate":[{"time":0,"x":2.96,"y":-1.48,"curve":[0.395,-0.01,0.711,0.46]},{"time":0.1667,"x":-47.95,"y":22.86,"curve":[0.347,0.38,0.66,0.8]},{"time":0.3333,"x":-101.84,"y":224.89},{"time":0.4667,"x":50.27,"y":269.08},{"time":0.5333,"x":170.92,"y":247.21},{"time":0.6333,"x":174.73,"y":114.29},{"time":0.7333,"x":104.71,"y":-4.79},{"time":1.0667,"x":33.95,"y":-4.34,"curve":[0.416,0,0.618,0.99]},{"time":1.3333,"x":19.61,"y":-1.88,"curve":[0.416,0,0.618,0.99]},{"time":1.6,"x":33.95,"y":-4.34}],"scale":[{"time":0,"x":1,"y":1}]},"body":{"rotate":[{"time":0,"angle":-0.09,"curve":[0.431,-0.01,0.691,0.77]},{"time":0.3333,"angle":-86.77},{"time":0.5333,"angle":-167.55},{"time":0.7333,"angle":78.34},{"time":1.0667,"angle":68.95,"curve":"stepped"},{"time":1.2,"angle":68.95,"curve":"stepped"},{"time":1.3333,"angle":68.95,"curve":"stepped"},{"time":1.4667,"angle":68.95,"curve":"stepped"},{"time":1.6,"angle":68.95}],"translate":[{"time":0,"x":0,"y":0,"curve":[0.395,-0.01,0.711,0.46]},{"time":0.1667,"x":-43.78,"y":-5.49,"curve":[0.347,0.38,0.66,0.8]},{"time":0.3333,"x":-84.46,"y":141.31},{"time":0.4667,"x":17.99,"y":175.11},{"time":0.5333,"x":88.99,"y":142.85},{"time":0.6333,"x":125.57,"y":72.84},{"time":0.7333,"x":77.4,"y":-4.3},{"time":1.0667,"x":29.95,"y":-9.98,"curve":"stepped"},{"time":1.2,"x":29.95,"y":-9.98,"curve":"stepped"},{"time":1.3333,"x":29.95,"y":-9.98,"curve":"stepped"},{"time":1.4667,"x":29.95,"y":-9.98,"curve":"stepped"},{"time":1.6,"x":29.95,"y":-9.98}],"scale":[{"time":0,"x":1,"y":1}]},"bfoot":{"rotate":[{"time":0,"angle":-0.78,"curve":[0.431,-0.01,0.691,0.77]},{"time":0.3333,"angle":-95.34},{"time":0.5333,"angle":-158.01},{"time":0.7333,"angle":70.17},{"time":1.0667,"angle":4.88,"curve":[0.359,0,0.622,0.99]},{"time":1.2,"angle":22.77,"curve":[0.359,0,0.622,0.99]},{"time":1.3333,"angle":4.88,"curve":[0.359,0,0.622,0.99]},{"time":1.4667,"angle":22.77,"curve":[0.359,0,0.622,0.99]},{"time":1.6,"angle":4.88}],"translate":[{"time":0,"x":-15.63,"y":20,"curve":[0.395,-0.01,0.711,0.46]},{"time":0.1667,"x":-95.95,"y":6.85,"curve":[0.347,0.38,0.66,0.8]},{"time":0.3333,"x":-204.27,"y":139.48},{"time":0.4667,"x":-87.79,"y":219.3},{"time":0.5333,"x":-2.78,"y":233.06},{"time":0.6333,"x":81.52,"y":139.75},{"time":0.7333,"x":65.16,"y":47.08},{"time":1.0667,"x":62.75,"y":-0.04,"curve":[0.359,0,0.622,0.99]},{"time":1.2,"x":60.22,"y":11.33,"curve":[0.359,0,0.622,0.99]},{"time":1.3333,"x":62.75,"y":-0.04,"curve":[0.359,0,0.622,0.99]},{"time":1.4667,"x":60.22,"y":11.33,"curve":[0.359,0,0.622,0.99]},{"time":1.6,"x":62.75,"y":-0.04}],"scale":[{"time":0,"x":1,"y":1}]},"head":{"rotate":[{"time":0,"angle":0,"curve":[0.431,-0.01,0.691,0.77]},{"time":0.3333,"angle":-79.15},{"time":0.5333,"angle":-96.77},{"time":0.7333,"angle":-33.28},{"time":1.0667,"angle":-58.96,"curve":[0.25,0,0.75,1]},{"time":1.3333,"angle":-55.05,"curve":[0.25,0,0.75,1]},{"time":1.6,"angle":-58.96}],"translate":[{"time":0,"x":0,"y":0},{"time":1.0667,"x":-8.51,"y":-6.31,"curve":[0.25,0,0.625,0.5]},{"time":1.3333,"x":-5.94,"y":-3.53,"curve":[0.375,0.5,0.75,1]},{"time":1.6,"x":-8.51,"y":-6.31}],"scale":[{"time":0,"x":1,"y":1}]},"hand":{"rotate":[{"time":1.0667,"angle":-122.96,"curve":[0.416,0,0.618,0.99]},{"time":1.3333,"angle":-116.47,"curve":[0.416,0,0.618,0.99]},{"time":1.6,"angle":-122.96}],"translate":[{"time":0,"x":0,"y":0},{"time":1.0667,"x":124.15,"y":17.59,"curve":[0.416,0,0.618,0.99]},{"time":1.3333,"x":111.27,"y":25.78,"curve":[0.416,0,0.618,0.99]},{"time":1.6,"x":124.15,"y":17.59}],"scale":[{"time":0,"x":1,"y":1}]}}},"roll_down":{"bones":{"body":{"rotate":[{"time":0,"angle":-0.09,"curve":[0.431,-0.01,0.691,0.77]},{"time":0.1333,"angle":-86.77},{"time":0.2,"angle":-167.55},{"time":0.3333,"angle":78.34},{"time":0.4,"angle":-1.42},{"time":0.5333,"angle":-167.55},{"time":0.6667,"angle":78.34},{"time":0.7333,"angle":-1.42},{"time":0.8667,"angle":-167.55},{"time":1,"angle":78.34},{"time":1.0667,"angle":-1.42},{"time":1.2,"angle":-167.55},{"time":1.3333,"angle":78.34},{"time":1.4,"angle":-1.42},{"time":1.5333,"angle":-167.55}],"translate":[{"time":0,"x":0,"y":0,"curve":[0.431,-0.01,0.691,0.77]},{"time":0.1333,"x":-84.46,"y":141.31},{"time":0.2,"x":88.99,"y":142.85},{"time":0.2667,"x":139.73,"y":38.23},{"time":0.3333,"x":61.67,"y":-18.46},{"time":0.4,"x":-70.28,"y":-17.72},{"time":0.4667,"x":-57.14,"y":136.92},{"time":0.5333,"x":88.99,"y":142.85},{"time":0.6,"x":139.73,"y":38.23},{"time":0.6667,"x":61.67,"y":-18.46},{"time":0.7333,"x":-70.28,"y":-17.72},{"time":0.8,"x":-57.14,"y":136.92},{"time":0.8667,"x":88.99,"y":142.85},{"time":0.9333,"x":139.73,"y":38.23},{"time":1,"x":61.67,"y":-18.46},{"time":1.0667,"x":-70.28,"y":-17.72},{"time":1.1333,"x":-57.14,"y":136.92},{"time":1.2,"x":88.99,"y":142.85},{"time":1.2667,"x":139.73,"y":38.23},{"time":1.3333,"x":61.67,"y":-18.46},{"time":1.4,"x":-70.28,"y":-17.72},{"time":1.4667,"x":-57.14,"y":136.92},{"time":1.5333,"x":88.99,"y":142.85}],"scale":[{"time":0,"x":1,"y":1}]},"head":{"rotate":[{"time":0,"angle":0,"curve":[0.431,-0.01,0.691,0.77]},{"time":0.1333,"angle":-79.15},{"time":0.2,"angle":-96.77,"curve":"stepped"},{"time":0.5333,"angle":-96.77,"curve":"stepped"},{"time":0.8667,"angle":-96.77,"curve":"stepped"},{"time":1.2,"angle":-96.77,"curve":"stepped"},{"time":1.5333,"angle":-96.77}],"translate":[{"time":0,"x":0,"y":0}],"scale":[{"time":0,"x":1,"y":1}]},"ffoot":{"rotate":[{"time":0,"angle":-23.25,"curve":[0.431,-0.01,0.691,0.77]},{"time":0.1333,"angle":-112.88},{"time":0.2,"angle":-188.1},{"time":0.3333,"angle":4.77},{"time":0.4,"angle":-28.68},{"time":0.5333,"angle":-188.1},{"time":0.6667,"angle":4.77},{"time":0.7333,"angle":-28.68},{"time":0.8667,"angle":-188.1},{"time":1,"angle":4.77},{"time":1.0667,"angle":-28.68},{"time":1.2,"angle":-188.1},{"time":1.3333,"angle":4.77},{"time":1.4,"angle":-28.68},{"time":1.5333,"angle":-188.1}],"translate":[{"time":0,"x":2.96,"y":-1.48,"curve":[0.431,-0.01,0.691,0.77]},{"time":0.1333,"x":-101.84,"y":224.89},{"time":0.2,"x":170.92,"y":247.21},{"time":0.2667,"x":188.89,"y":79.68},{"time":0.3333,"x":88.98,"y":-18.95},{"time":0.4,"x":-81.12,"y":9.31},{"time":0.4667,"x":-12.32,"y":210.35},{"time":0.5333,"x":170.92,"y":247.21},{"time":0.6,"x":188.89,"y":79.68},{"time":0.6667,"x":88.98,"y":-18.95},{"time":0.7333,"x":-81.12,"y":9.31},{"time":0.8,"x":-12.32,"y":210.35},{"time":0.8667,"x":170.92,"y":247.21},{"time":0.9333,"x":188.89,"y":79.68},{"time":1,"x":88.98,"y":-18.95},{"time":1.0667,"x":-81.12,"y":9.31},{"time":1.1333,"x":-12.32,"y":210.35},{"time":1.2,"x":170.92,"y":247.21},{"time":1.2667,"x":188.89,"y":79.68},{"time":1.3333,"x":88.98,"y":-18.95},{"time":1.4,"x":-81.12,"y":9.31},{"time":1.4667,"x":-12.32,"y":210.35},{"time":1.5333,"x":170.92,"y":247.21}],"scale":[{"time":0,"x":1,"y":1}]},"main":{"rotate":[{"time":0,"angle":0}],"translate":[{"time":0,"x":0,"y":0,"curve":[0.326,0,0.658,1]},{"time":0.0667,"x":-30.9,"y":-43.27}]},"bfoot":{"rotate":[{"time":0,"angle":-0.78,"curve":[0.431,-0.01,0.691,0.77]},{"time":0.1333,"angle":-95.34},{"time":0.2,"angle":-158.01},{"time":0.3333,"angle":70.17},{"time":0.4,"angle":0.36},{"time":0.5333,"angle":-158.01},{"time":0.6667,"angle":70.17},{"time":0.7333,"angle":0.36},{"time":0.8667,"angle":-158.01},{"time":1,"angle":70.17},{"time":1.0667,"angle":0.36},{"time":1.2,"angle":-158.01},{"time":1.3333,"angle":70.17},{"time":1.4,"angle":0.36},{"time":1.5333,"angle":-158.01}],"translate":[{"time":0,"x":-15.63,"y":20,"curve":[0.431,-0.01,0.691,0.77]},{"time":0.1333,"x":-204.27,"y":139.48},{"time":0.2,"x":-2.78,"y":233.06},{"time":0.2667,"x":95.68,"y":105.15},{"time":0.3333,"x":49.43,"y":32.92},{"time":0.4,"x":-83.99,"y":-0.65},{"time":0.4667,"x":-117.68,"y":197.87},{"time":0.5333,"x":-2.78,"y":233.06},{"time":0.6,"x":95.68,"y":105.15},{"time":0.6667,"x":49.43,"y":32.92},{"time":0.7333,"x":-83.99,"y":-0.65},{"time":0.8,"x":-117.68,"y":197.87},{"time":0.8667,"x":-2.78,"y":233.06},{"time":0.9333,"x":95.68,"y":105.15},{"time":1,"x":49.43,"y":32.92},{"time":1.0667,"x":-83.99,"y":-0.65},{"time":1.1333,"x":-117.68,"y":197.87},{"time":1.2,"x":-2.78,"y":233.06},{"time":1.2667,"x":95.68,"y":105.15},{"time":1.3333,"x":49.43,"y":32.92},{"time":1.4,"x":-83.99,"y":-0.65},{"time":1.4667,"x":-117.68,"y":197.87},{"time":1.5333,"x":-2.78,"y":233.06}],"scale":[{"time":0,"x":1,"y":1}]}}},"roll_up":{"bones":{"ffoot":{"rotate":[{"time":0,"angle":-108.39},{"time":0.0667,"angle":-213.58},{"time":0.1333,"angle":47.34},{"time":0.2,"angle":-17.07,"curve":[0.326,0,0.658,1]},{"time":0.3,"angle":-2.27,"curve":[0.326,0,0.658,1]},{"time":0.5333,"angle":-52.43,"curve":[0.326,0,0.658,1]},{"time":0.6333,"angle":0}],"translate":[{"time":0,"x":-12.32,"y":210.35},{"time":0.0667,"x":178.88,"y":173.72},{"time":0.1333,"x":153.29,"y":40.19},{"time":0.2,"x":8.58,"y":-7.63,"curve":[0.326,0,0.658,1]},{"time":0.3,"x":74.43,"y":-1.16,"curve":[0.326,0,0.658,1]},{"time":0.4,"x":16.2,"y":-1.46,"curve":[0.326,0,0.658,1]},{"time":0.5333,"x":-35.92,"y":1.03,"curve":[0.326,0,0.658,1]},{"time":0.6333,"x":0,"y":0}]},"body":{"rotate":[{"time":0,"angle":-84.48},{"time":0.0667,"angle":-192.77},{"time":0.2,"angle":-0.09}],"translate":[{"time":0,"x":-57.14,"y":136.92},{"time":0.0667,"x":83.07,"y":93.12},{"time":0.1333,"x":98.1,"y":39.71},{"time":0.2,"x":0,"y":0}],"scale":[{"time":0.2,"x":1,"y":1}]},"head":{"rotate":[{"time":0,"angle":-96.77,"curve":"stepped"},{"time":0.0667,"angle":-96.77},{"time":0.2,"angle":0}],"translate":[{"time":0,"x":0,"y":0,"curve":"stepped"},{"time":0.2,"x":0,"y":0}],"scale":[{"time":0.2,"x":1,"y":1}]},"bfoot":{"rotate":[{"time":0,"angle":-78.83},{"time":0.0667,"angle":-170.24},{"time":0.1333,"angle":-270.08},{"time":0.2,"angle":3.71,"curve":[0.326,0,0.658,1]},{"time":0.3,"angle":-67.02,"curve":[0.326,0,0.658,1]},{"time":0.5333,"angle":-0.8,"curve":[0.326,0,0.658,1]},{"time":0.6333,"angle":0}],"translate":[{"time":0,"x":-117.68,"y":197.87},{"time":0.0667,"x":12.62,"y":199.91},{"time":0.1333,"x":82.51,"y":102.76},{"time":0.2,"x":-25.85,"y":-2.1,"curve":[0.326,0,0.658,1]},{"time":0.3,"x":-129.81,"y":13.97,"curve":[0.326,0,0.658,1]},{"time":0.4,"x":-52.71,"y":41.39,"curve":[0.326,0,0.658,1]},{"time":0.5333,"x":-13.96,"y":0,"curve":[0.326,0,0.658,1]},{"time":0.6333,"x":0,"y":0}]},"main":{"rotate":[{"time":0.3,"angle":0,"curve":"stepped"},{"time":0.5,"angle":0,"curve":"stepped"},{"time":0.7333,"angle":0}],"translate":[{"time":0.3,"x":0,"y":0,"curve":"stepped"},{"time":0.5,"x":0,"y":0,"curve":"stepped"},{"time":0.7333,"x":0,"y":0}]},"root":{"rotate":[{"time":0.7333,"angle":0}],"translate":[{"time":0.7333,"x":0,"y":0}]}}},"run":{"bones":{"main":{"rotate":[{"time":0,"angle":0,"curve":"stepped"},{"time":0.2,"angle":0,"curve":"stepped"},{"time":0.4333,"angle":0}],"translate":[{"time":0,"x":0,"y":0,"curve":"stepped"},{"time":0.2,"x":0,"y":0,"curve":"stepped"},{"time":0.4333,"x":0,"y":0}]},"ffoot":{"rotate":[{"time":0,"angle":-52.43,"curve":[0.326,0,0.658,1]},{"time":0.1,"angle":-2.27,"curve":[0.326,0,0.658,1]},{"time":0.3333,"angle":-52.43,"curve":"stepped"},{"time":0.4333,"angle":-52.43}],"translate":[{"time":0,"x":44.57,"y":39.5,"curve":[0.326,0,0.658,1]},{"time":0.1,"x":74.43,"y":-1.16,"curve":[0.326,0,0.658,1]},{"time":0.2,"x":16.2,"y":-1.46,"curve":[0.326,0,0.658,1]},{"time":0.3333,"x":-35.92,"y":1.03,"curve":[0.326,0,0.658,1]},{"time":0.4333,"x":44.57,"y":39.5}]},"bfoot":{"rotate":[{"time":0,"angle":-0.8,"curve":[0.326,0,0.658,1]},{"time":0.1,"angle":-67.02,"curve":[0.326,0,0.658,1]},{"time":0.3333,"angle":-0.8,"curve":"stepped"},{"time":0.4333,"angle":-0.8}],"translate":[{"time":0,"x":-68.7,"y":-1.25,"curve":[0.326,0,0.658,1]},{"time":0.1,"x":-129.81,"y":13.97,"curve":[0.326,0,0.658,1]},{"time":0.2,"x":-52.71,"y":41.39,"curve":[0.326,0,0.658,1]},{"time":0.3333,"x":-13.96,"y":0,"curve":[0.326,0,0.658,1]},{"time":0.4333,"x":-68.7,"y":-1.25}]},"hand":{"rotate":[{"time":0,"angle":-69.03},{"time":0.1,"angle":-36.97},{"time":0.3333,"angle":-77.21},{"time":0.4333,"angle":-69.03}],"translate":[{"time":0,"x":20.13,"y":72.49},{"time":0.1,"x":4.95,"y":57},{"time":0.3333,"x":38.37,"y":69.74},{"time":0.4333,"x":20.13,"y":72.49}]}}},"runback":{"bones":{"ffoot":{"rotate":[{"time":0,"angle":-19.6,"curve":[0.281,0,0.727,1]},{"time":0.1667,"angle":-13.52,"curve":[0.281,0,0.727,1]},{"time":0.3333,"angle":-10.79,"curve":[0.281,0,0.727,1]},{"time":0.5,"angle":0.4,"curve":[0.281,0,0.727,1]},{"time":0.6667,"angle":-19.6}],"translate":[{"time":0,"x":34.27,"y":23.02,"curve":[0.281,0,0.727,1]},{"time":0.1667,"x":-34.89,"y":0,"curve":[0.281,0,0.727,1]},{"time":0.3333,"x":16.2,"y":-1.46,"curve":[0.281,0,0.727,1]},{"time":0.5,"x":74.43,"y":-1.16,"curve":[0.281,0,0.727,1]},{"time":0.6667,"x":34.27,"y":23.02}]},"main":{"rotate":[{"time":0,"angle":0,"curve":"stepped"},{"time":0.3333,"angle":0,"curve":"stepped"},{"time":0.6667,"angle":0}],"translate":[{"time":0,"x":0,"y":0,"curve":"stepped"},{"time":0.3333,"x":0,"y":0,"curve":"stepped"},{"time":0.6667,"x":0,"y":0}]},"bfoot":{"rotate":[{"time":0,"angle":-5.35,"curve":[0.281,0,0.727,1]},{"time":0.3333,"angle":-6.76,"curve":[0.281,0,0.727,1]},{"time":0.5,"angle":-10.82,"curve":[0.281,0,0.727,1]},{"time":0.6667,"angle":-5.35}],"translate":[{"time":0,"x":-68.7,"y":-1.25,"curve":[0.281,0,0.727,1]},{"time":0.1667,"x":-13.96,"y":0,"curve":[0.281,0,0.727,1]},{"time":0.3333,"x":-57.86,"y":22.85,"curve":[0.281,0,0.727,1]},{"time":0.5,"x":-130.84,"y":0.58,"curve":[0.281,0,0.727,1]},{"time":0.6667,"x":-68.7,"y":-1.25}]},"hand":{"rotate":[{"time":0,"angle":80.26},{"time":0.3333,"angle":96.42},{"time":0.6667,"angle":80.26}],"translate":[{"time":0,"x":-3.49,"y":-82.79},{"time":0.3333,"x":16.33,"y":-77.55},{"time":0.6667,"x":-3.49,"y":-82.79}]}}},"scaletest":{"bones":{"body":{"rotate":[{"time":0,"angle":0}],"translate":[{"time":0,"x":0,"y":0}],"scale":[{"time":0,"x":1,"y":1}]},"head":{"rotate":[{"time":0,"angle":0,"curve":"stepped"},{"time":0.6667,"angle":0}],"translate":[{"time":0,"x":0,"y":0,"curve":"stepped"},{"time":0.6667,"x":0,"y":0}],"scale":[{"time":0,"x":1,"y":1,"curve":[0.25,0,0.75,1]},{"time":0.1667,"x":1.7,"y":0.7,"curve":[0.25,0,0.75,1]},{"time":0.3333,"x":0.7,"y":1.7,"curve":[0.25,0,0.75,1]},{"time":0.5,"x":1.7,"y":0.7,"curve":[0.25,0,0.75,1]},{"time":0.6667,"x":1,"y":1}]}}},"slide":{"bones":{"ffoot":{"rotate":[{"time":0,"angle":-0.03,"curve":[0.416,0,0.618,0.99]},{"time":0.2667,"angle":0.72,"curve":[0.416,0,0.618,0.99]},{"time":0.5333,"angle":-0.03}],"translate":[{"time":0,"x":33.95,"y":-4.34,"curve":[0.416,0,0.618,0.99]},{"time":0.2667,"x":19.61,"y":-1.88,"curve":[0.416,0,0.618,0.99]},{"time":0.5333,"x":33.95,"y":-4.34}]},"body":{"rotate":[{"time":0,"angle":68.95,"curve":"stepped"},{"time":0.1333,"angle":68.95,"curve":"stepped"},{"time":0.2667,"angle":68.95,"curve":"stepped"},{"time":0.4,"angle":68.95,"curve":"stepped"},{"time":0.5333,"angle":68.95}],"translate":[{"time":0,"x":29.95,"y":-9.98,"curve":"stepped"},{"time":0.1333,"x":29.95,"y":-9.98,"curve":"stepped"},{"time":0.2667,"x":29.95,"y":-9.98,"curve":"stepped"},{"time":0.4,"x":29.95,"y":-9.98,"curve":"stepped"},{"time":0.5333,"x":29.95,"y":-9.98}]},"bfoot":{"rotate":[{"time":0,"angle":4.88,"curve":[0.359,0,0.622,0.99]},{"time":0.1333,"angle":22.77,"curve":[0.359,0,0.622,0.99]},{"time":0.2667,"angle":4.88,"curve":[0.359,0,0.622,0.99]},{"time":0.4,"angle":22.77,"curve":[0.359,0,0.622,0.99]},{"time":0.5333,"angle":4.88}],"translate":[{"time":0,"x":62.75,"y":-0.04,"curve":[0.359,0,0.622,0.99]},{"time":0.1333,"x":60.22,"y":11.33,"curve":[0.359,0,0.622,0.99]},{"time":0.2667,"x":62.75,"y":-0.04,"curve":[0.359,0,0.622,0.99]},{"time":0.4,"x":60.22,"y":11.33,"curve":[0.359,0,0.622,0.99]},{"time":0.5333,"x":62.75,"y":-0.04}]},"head":{"rotate":[{"time":0,"angle":-58.96,"curve":[0.25,0,0.75,1]},{"time":0.2667,"angle":-55.05,"curve":[0.25,0,0.75,1]},{"time":0.5333,"angle":-58.96}],"translate":[{"time":0,"x":-8.51,"y":-6.31,"curve":[0.25,0,0.625,0.5]},{"time":0.2667,"x":-5.94,"y":-3.53,"curve":[0.375,0.5,0.75,1]},{"time":0.5333,"x":-8.51,"y":-6.31}]},"hand":{"rotate":[{"time":0,"angle":-122.96,"curve":[0.416,0,0.618,0.99]},{"time":0.2667,"angle":-116.47,"curve":[0.416,0,0.618,0.99]},{"time":0.5333,"angle":-122.96}],"translate":[{"time":0,"x":124.15,"y":17.59,"curve":[0.416,0,0.618,0.99]},{"time":0.2667,"x":111.27,"y":25.78,"curve":[0.416,0,0.618,0.99]},{"time":0.5333,"x":124.15,"y":17.59}]}}},"slide_back":{"bones":{"head":{"rotate":[{"time":0,"angle":0}],"translate":[{"time":0,"x":0,"y":0}],"scale":[{"time":0,"x":1,"y":1}]},"bfoot":{"rotate":[{"time":0,"angle":44.82}],"translate":[{"time":0,"x":33.12,"y":27.6}],"scale":[{"time":0,"x":1,"y":1}]},"ffoot":{"rotate":[{"time":0,"angle":44.55}],"translate":[{"time":0,"x":75.07,"y":-27.6}],"scale":[{"time":0,"x":1,"y":1}]},"main":{"rotate":[{"time":0,"angle":0}],"translate":[{"time":0,"x":0,"y":0}],"scale":[{"time":0,"x":1,"y":1}]},"body":{"rotate":[{"time":0,"angle":0}],"translate":[{"time":0,"x":0,"y":0}]}}},"slide_down":{"bones":{"main":{"rotate":[{"time":0,"angle":0}],"translate":[{"time":0,"x":0,"y":0}]},"bfoot":{"rotate":[{"time":0,"angle":24.51},{"time":0.1,"angle":4.88,"curve":[0.359,0,0.622,0.99]},{"time":0.2333,"angle":22.77,"curve":[0.359,0,0.622,0.99]},{"time":0.3667,"angle":4.88,"curve":[0.359,0,0.622,0.99]},{"time":0.5,"angle":22.77,"curve":[0.359,0,0.622,0.99]},{"time":0.6333,"angle":4.88}],"translate":[{"time":0,"x":-15.63,"y":20,"curve":[0.326,0,0.658,1]},{"time":0.1,"x":62.75,"y":-0.04,"curve":[0.359,0,0.622,0.99]},{"time":0.2333,"x":60.22,"y":11.33,"curve":[0.359,0,0.622,0.99]},{"time":0.3667,"x":62.75,"y":-0.04,"curve":[0.359,0,0.622,0.99]},{"time":0.5,"x":60.22,"y":11.33,"curve":[0.359,0,0.622,0.99]},{"time":0.6333,"x":62.75,"y":-0.04}],"scale":[{"time":0,"x":1,"y":1}]},"ffoot":{"rotate":[{"time":0,"angle":5.89},{"time":0.1,"angle":-0.03,"curve":[0.416,0,0.618,0.99]},{"time":0.3667,"angle":0.72,"curve":[0.416,0,0.618,0.99]},{"time":0.6333,"angle":-0.03}],"translate":[{"time":0,"x":19.05,"y":5.67,"curve":[0.326,0,0.658,1]},{"time":0.1,"x":33.95,"y":-4.34,"curve":[0.416,0,0.618,0.99]},{"time":0.3667,"x":19.61,"y":-1.88,"curve":[0.416,0,0.618,0.99]},{"time":0.6333,"x":33.95,"y":-4.34}],"scale":[{"time":0,"x":1,"y":1}]},"body":{"rotate":[{"time":0,"angle":-0.09},{"time":0.1,"angle":68.95,"curve":"stepped"},{"time":0.2333,"angle":68.95,"curve":"stepped"},{"time":0.3667,"angle":68.95,"curve":"stepped"},{"time":0.5,"angle":68.95,"curve":"stepped"},{"time":0.6333,"angle":68.95}],"translate":[{"time":0,"x":0,"y":0},{"time":0.1,"x":29.95,"y":-9.98,"curve":"stepped"},{"time":0.2333,"x":29.95,"y":-9.98,"curve":"stepped"},{"time":0.3667,"x":29.95,"y":-9.98,"curve":"stepped"},{"time":0.5,"x":29.95,"y":-9.98,"curve":"stepped"},{"time":0.6333,"x":29.95,"y":-9.98}],"scale":[{"time":0,"x":1,"y":1}]},"head":{"rotate":[{"time":0,"angle":0},{"time":0.1,"angle":-58.96}],"translate":[{"time":0,"x":0,"y":0},{"time":0.1,"x":-8.51,"y":-6.31}],"scale":[{"time":0,"x":1,"y":1}]},"hand":{"rotate":[{"time":0,"angle":-74.84},{"time":0.1,"angle":-122.96,"curve":[0.416,0,0.618,0.99]},{"time":0.3667,"angle":-116.47,"curve":[0.416,0,0.618,0.99]},{"time":0.6333,"angle":-122.96}],"translate":[{"time":0,"x":49.79,"y":39.53},{"time":0.1,"x":124.15,"y":17.59,"curve":[0.416,0,0.618,0.99]},{"time":0.3667,"x":111.27,"y":25.78,"curve":[0.416,0,0.618,0.99]},{"time":0.6333,"x":124.15,"y":17.59}]}}},"slide_front":{"bones":{"main":{"rotate":[{"time":0,"angle":0}],"translate":[{"time":0,"x":0,"y":0}],"scale":[{"time":0,"x":1,"y":1}]},"bfoot":{"rotate":[{"time":0,"angle":-45.45}],"translate":[{"time":0,"x":-86.11,"y":-22.08}],"scale":[{"time":0,"x":1,"y":1}]},"ffoot":{"rotate":[{"time":0,"angle":-45.45}],"translate":[{"time":0,"x":-34.22,"y":22.08}],"scale":[{"time":0,"x":1,"y":1}]},"head":{"rotate":[{"time":0,"angle":0}],"translate":[{"time":0,"x":0,"y":0}],"scale":[{"time":0,"x":1,"y":1}]},"body":{"rotate":[{"time":0,"angle":0}],"translate":[{"time":0,"x":0,"y":0}]}}},"slide_jump":{"bones":{"bfoot":{"rotate":[{"time":0,"angle":4.88,"curve":[0.095,0.15,0.539,0.94]},{"time":0.1,"angle":49.1,"curve":[0.401,-0.02,0.75,1]},{"time":0.2333,"angle":33.88}],"translate":[{"time":0,"x":62.75,"y":-0.04,"curve":[0.095,0.15,0.539,0.94]},{"time":0.1,"x":9.14,"y":40.12,"curve":[0.401,-0.02,0.75,1]},{"time":0.2333,"x":-11.97,"y":23.98}]},"ffoot":{"rotate":[{"time":0,"angle":26.97,"curve":[0.095,0.15,0.539,0.94]},{"time":0.1,"angle":-8.19,"curve":[0.401,-0.02,0.75,1]},{"time":0.2333,"angle":-36.87}],"translate":[{"time":0,"x":97.95,"y":7.66,"curve":[0.095,0.15,0.539,0.94]},{"time":0.1,"x":16.89,"y":-52.55,"curve":[0.401,-0.02,0.75,1]},{"time":0.2333,"x":-4.34,"y":22.15}]},"body":{"rotate":[{"time":0,"angle":68.95,"curve":[0.359,0,0.622,0.99]},{"time":0.1,"angle":0,"curve":"stepped"},{"time":0.2333,"angle":0}],"translate":[{"time":0,"x":29.95,"y":-9.98,"curve":[0.359,0,0.622,0.99]},{"time":0.1,"x":0,"y":0,"curve":"stepped"},{"time":0.2333,"x":0,"y":0}],"scale":[{"time":0.1,"x":1,"y":1,"curve":"stepped"},{"time":0.2333,"x":1,"y":1}]},"head":{"rotate":[{"time":0,"angle":0,"curve":"stepped"},{"time":0.1,"angle":0,"curve":"stepped"},{"time":0.2333,"angle":0}],"translate":[{"time":0,"x":0,"y":0,"curve":"stepped"},{"time":0.1,"x":0,"y":0,"curve":"stepped"},{"time":0.2333,"x":0,"y":0}],"scale":[{"time":0.1,"x":1,"y":1,"curve":"stepped"},{"time":0.2333,"x":1,"y":1}]},"main":{"rotate":[{"time":0.1,"angle":0.47,"curve":"stepped"},{"time":0.2333,"angle":0.47}],"translate":[{"time":0.1,"x":0,"y":0,"curve":"stepped"},{"time":0.2333,"x":0,"y":0}]}}},"slide_kick":{"bones":{"body":{"rotate":[{"time":0,"angle":68.95,"curve":[0.462,0,0.572,1]},{"time":0.1333,"angle":77.29,"curve":"stepped"},{"time":0.2333,"angle":77.29,"curve":[0.462,0,0.572,1]},{"time":0.4,"angle":68.95,"curve":[0.462,0,0.572,1]},{"time":0.5,"angle":-0.09}],"translate":[{"time":0,"x":29.95,"y":-9.98,"curve":"stepped"},{"time":0.1333,"x":29.95,"y":-9.98,"curve":"stepped"},{"time":0.2333,"x":29.95,"y":-9.98,"curve":"stepped"},{"time":0.4,"x":29.95,"y":-9.98,"curve":[0.462,0,0.572,1]},{"time":0.5,"x":0,"y":0}],"scale":[{"time":0.5,"x":1,"y":1}]},"hand":{"rotate":[{"time":0,"angle":-122.96,"curve":[0.462,0,0.572,1]},{"time":0.1333,"angle":-120.22,"curve":"stepped"},{"time":0.2333,"angle":-120.22,"curve":[0.462,0,0.572,1]},{"time":0.4,"angle":-122.96,"curve":[0.462,0,0.572,1]},{"time":0.6,"angle":-73.32,"curve":[0.462,0,0.572,1]},{"time":0.9333,"angle":-7.6}],"translate":[{"time":0,"x":124.15,"y":17.59,"curve":[0.462,0,0.572,1]},{"time":0.1333,"x":161.08,"y":70.49,"curve":"stepped"},{"time":0.2333,"x":161.08,"y":70.49,"curve":[0.462,0,0.572,1]},{"time":0.4,"x":124.15,"y":17.59,"curve":[0.462,0,0.572,1]},{"time":0.6,"x":22.95,"y":38.71,"curve":[0.462,0,0.572,1]},{"time":0.9333,"x":-22.33,"y":17.45}]},"head":{"rotate":[{"time":0,"angle":-58.96,"curve":[0.462,0,0.572,1]},{"time":0.1333,"angle":-52.46,"curve":"stepped"},{"time":0.2333,"angle":-52.46,"curve":[0.462,0,0.572,1]},{"time":0.4,"angle":-58.96,"curve":[0.462,0,0.572,1]},{"time":0.5,"angle":0}],"translate":[{"time":0,"x":-8.51,"y":-6.31,"curve":[0.462,0,0.572,1]},{"time":0.1333,"x":-5.94,"y":-3.53,"curve":"stepped"},{"time":0.2333,"x":-5.94,"y":-3.53,"curve":[0.462,0,0.572,1]},{"time":0.4,"x":-8.51,"y":-6.31,"curve":[0.462,0,0.572,1]},{"time":0.5,"x":0,"y":0}],"scale":[{"time":0.5,"x":1,"y":1}]},"ffoot":{"rotate":[{"time":0,"angle":69.78,"curve":[0.45,0,0.729,0.5]},{"time":0.0667,"angle":-269.06,"curve":[0.285,0.5,0.561,1]},{"time":0.1333,"angle":-263.58,"curve":"stepped"},{"time":0.2333,"angle":-263.58,"curve":[0.462,0,0.572,1]},{"time":0.4,"angle":55.4,"curve":[0.462,0,0.572,1]},{"time":0.6,"angle":-2.27,"curve":[0.462,0,0.572,1]},{"time":0.8333,"angle":-52.43,"curve":[0.462,0,0.572,1]},{"time":0.9333,"angle":0}],"translate":[{"time":0,"x":33.95,"y":-4.34,"curve":[0.462,0,0.572,1]},{"time":0.1333,"x":233.72,"y":75.49,"curve":"stepped"},{"time":0.2333,"x":233.72,"y":75.49,"curve":[0.462,0,0.572,1]},{"time":0.4,"x":33.95,"y":-4.34,"curve":[0.462,0,0.572,1]},{"time":0.6,"x":74.43,"y":-1.16,"curve":[0.462,0,0.572,1]},{"time":0.7,"x":16.2,"y":-1.46,"curve":[0.462,0,0.572,1]},{"time":0.8333,"x":-35.92,"y":1.03,"curve":[0.462,0,0.572,1]},{"time":0.9333,"x":0,"y":0}]},"bfoot":{"rotate":[{"time":0,"angle":4.88,"curve":[0.462,0,0.572,1]},{"time":0.1333,"angle":-66.54,"curve":"stepped"},{"time":0.2333,"angle":-66.54,"curve":[0.279,0.57,0.589,1]},{"time":0.4,"angle":-58.5,"curve":[0.462,0,0.572,1]},{"time":0.5,"angle":-0.8,"curve":[0.462,0,0.572,1]},{"time":0.6,"angle":-67.02,"curve":[0.462,0,0.572,1]},{"time":0.8333,"angle":-0.8,"curve":[0.462,0,0.572,1]},{"time":0.9333,"angle":0}],"translate":[{"time":0,"x":62.75,"y":-0.04,"curve":[0.462,0,0.572,1]},{"time":0.1333,"x":-101.56,"y":-54.32,"curve":"stepped"},{"time":0.2333,"x":-101.56,"y":-54.32,"curve":[0.279,0.57,0.589,1]},{"time":0.4,"x":-3.45,"y":2.9,"curve":[0.462,0,0.572,1]},{"time":0.5,"x":-68.7,"y":-1.25,"curve":[0.462,0,0.572,1]},{"time":0.6,"x":-129.81,"y":13.97,"curve":[0.462,0,0.572,1]},{"time":0.7,"x":-52.71,"y":41.39,"curve":[0.462,0,0.572,1]},{"time":0.8333,"x":-13.96,"y":0,"curve":[0.462,0,0.572,1]},{"time":0.9333,"x":0,"y":0}]},"main":{"rotate":[{"time":0.5,"angle":0,"curve":"stepped"},{"time":0.7,"angle":0,"curve":"stepped"},{"time":0.9333,"angle":0}],"translate":[{"time":0.5,"x":0,"y":0,"curve":"stepped"},{"time":0.7,"x":0,"y":0,"curve":"stepped"},{"time":0.9333,"x":0,"y":0}]},"root":{"rotate":[{"time":0.9333,"angle":0}],"translate":[{"time":0.9333,"x":0,"y":0}]}}},"slide_up":{"bones":{"ffoot":{"rotate":[{"time":0,"angle":-0.03,"curve":[0.416,0,0.618,0.99]},{"time":0.1,"angle":-52.43,"curve":[0.326,0,0.658,1]},{"time":0.2,"angle":-2.27,"curve":[0.326,0,0.658,1]},{"time":0.4333,"angle":-52.43,"curve":[0.326,0,0.658,1]},{"time":0.5333,"angle":0}],"translate":[{"time":0,"x":33.95,"y":-4.34,"curve":[0.416,0,0.618,0.99]},{"time":0.1,"x":44.57,"y":39.5,"curve":[0.326,0,0.658,1]},{"time":0.2,"x":74.43,"y":-1.16,"curve":[0.326,0,0.658,1]},{"time":0.3,"x":16.2,"y":-1.46,"curve":[0.326,0,0.658,1]},{"time":0.4333,"x":-35.92,"y":1.03,"curve":[0.326,0,0.658,1]},{"time":0.5333,"x":0,"y":0}]},"body":{"rotate":[{"time":0,"angle":68.95,"curve":[0.359,0,0.622,0.99]},{"time":0.1,"angle":-0.09}],"translate":[{"time":0,"x":29.95,"y":-9.98,"curve":[0.359,0,0.622,0.99]},{"time":0.1,"x":0,"y":0}],"scale":[{"time":0.1,"x":1,"y":1}]},"bfoot":{"rotate":[{"time":0,"angle":4.88,"curve":[0.359,0,0.622,0.99]},{"time":0.1,"angle":-0.8,"curve":[0.326,0,0.658,1]},{"time":0.2,"angle":-67.02,"curve":[0.326,0,0.658,1]},{"time":0.4333,"angle":-0.8,"curve":[0.326,0,0.658,1]},{"time":0.5333,"angle":0}],"translate":[{"time":0,"x":62.75,"y":-0.04,"curve":[0.359,0,0.622,0.99]},{"time":0.1,"x":-68.7,"y":-1.25,"curve":[0.326,0,0.658,1]},{"time":0.2,"x":-129.81,"y":13.97,"curve":[0.326,0,0.658,1]},{"time":0.3,"x":-52.71,"y":41.39,"curve":[0.326,0,0.658,1]},{"time":0.4333,"x":-13.96,"y":0,"curve":[0.326,0,0.658,1]},{"time":0.5333,"x":0,"y":0}]},"head":{"rotate":[{"time":0,"angle":-58.96,"curve":[0.25,0,0.75,1]},{"time":0.1,"angle":0}],"translate":[{"time":0,"x":-8.51,"y":-6.31,"curve":[0.25,0,0.625,0.5]},{"time":0.1,"x":0,"y":0}],"scale":[{"time":0.1,"x":1,"y":1}]},"main":{"rotate":[{"time":0.1,"angle":0,"curve":"stepped"},{"time":0.3,"angle":0,"curve":"stepped"},{"time":0.5333,"angle":0}],"translate":[{"time":0.1,"x":0,"y":0,"curve":"stepped"},{"time":0.3,"x":0,"y":0,"curve":"stepped"},{"time":0.5333,"x":0,"y":0}]},"root":{"rotate":[{"time":0.5333,"angle":0}],"translate":[{"time":0.5333,"x":0,"y":0}]},"hand":{"rotate":[{"time":0,"angle":-122.96,"curve":[0.421,0,0.662,0.75]},{"time":0.2,"angle":137.16,"curve":[0.312,0.61,0.642,0.99]},{"time":0.5333,"angle":-7.6}],"translate":[{"time":0,"x":124.15,"y":17.59,"curve":[0.421,0,0.662,0.75]},{"time":0.2,"x":73.05,"y":-102.01,"curve":[0.312,0.61,0.642,0.99]},{"time":0.5333,"x":-22.33,"y":17.45}]}}},"sliderun":{"bones":{"bfoot":{"rotate":[{"time":0,"angle":44.82},{"time":0.1667,"angle":-22.22},{"time":0.3333,"angle":79.6},{"time":0.5,"angle":44.82}],"translate":[{"time":0,"x":50.78,"y":37.54},{"time":0.1667,"x":-51.89,"y":-43.06},{"time":0.3333,"x":-25.39,"y":50.78},{"time":0.5,"x":50.78,"y":37.54}],"scale":[{"time":0,"x":1,"y":1,"curve":"stepped"},{"time":0.5,"x":1,"y":1}]},"head":{"rotate":[{"time":0,"angle":0}],"translate":[{"time":0,"x":0,"y":0}],"scale":[{"time":0,"x":1,"y":1}]},"ffoot":{"rotate":[{"time":0,"angle":-7.07,"curve":[0.25,0,0.75,1]},{"time":0.1333,"angle":76.57,"curve":[0.25,0,0.75,1]},{"time":0.2667,"angle":53.14,"curve":[0.25,0,0.75,1]},{"time":0.4,"angle":-6.27,"curve":[0.25,0,0.75,1]},{"time":0.5,"angle":-7.07}],"translate":[{"time":0,"x":47.47,"y":-2.21,"curve":[0.25,0,0.75,1]},{"time":0.1333,"x":91.63,"y":52.99,"curve":[0.25,0,0.75,1]},{"time":0.2667,"x":147.94,"y":35.33,"curve":[0.25,0,0.75,1]},{"time":0.4,"x":61.82,"y":-45.74,"curve":[0.25,0,0.75,1]},{"time":0.5,"x":47.47,"y":-2.21}],"scale":[{"time":0,"x":1,"y":1,"curve":"stepped"},{"time":0.5,"x":1,"y":1}]},"body":{"rotate":[{"time":0,"angle":0}],"translate":[{"time":0,"x":0,"y":0}]},"main":{"rotate":[{"time":0,"angle":0}],"translate":[{"time":0,"x":0,"y":0}],"scale":[{"time":0,"x":1,"y":1}]}}},"sliderun_back":{"bones":{"bfoot":{"rotate":[{"time":0,"angle":1.75},{"time":0.1,"angle":-34.39},{"time":0.2333,"angle":-44.69},{"time":0.3667,"angle":3.69},{"time":0.5,"angle":1.75}],"translate":[{"time":0,"x":-38.26,"y":-19.18},{"time":0.1,"x":-80.31,"y":50.42},{"time":0.2333,"x":-155.71,"y":44.62},{"time":0.3667,"x":-73.06,"y":-24.98},{"time":0.5,"x":-38.26,"y":-19.18}],"scale":[{"time":0,"x":1,"y":1,"curve":"stepped"},{"time":0.5,"x":1,"y":1}]},"ffoot":{"rotate":[{"time":0,"angle":-45.45},{"time":0.1667,"angle":18.13},{"time":0.3333,"angle":-6.15},{"time":0.5,"angle":-45.45}],"translate":[{"time":0,"x":-51.62,"y":43.83},{"time":0.1667,"x":31.03,"y":-38.82},{"time":0.3333,"x":16.53,"y":42.38},{"time":0.5,"x":-51.62,"y":43.83}],"scale":[{"time":0,"x":1,"y":1,"curve":"stepped"},{"time":0.5,"x":1,"y":1}]},"head":{"rotate":[{"time":0,"angle":0,"curve":"stepped"},{"time":0.5,"angle":0}],"translate":[{"time":0,"x":0,"y":0,"curve":"stepped"},{"time":0.5,"x":0,"y":0}],"scale":[{"time":0,"x":1,"y":1,"curve":"stepped"},{"time":0.5,"x":1,"y":1}]},"body":{"rotate":[{"time":0,"angle":0,"curve":"stepped"},{"time":0.5,"angle":0}],"translate":[{"time":0,"x":0,"y":0,"curve":"stepped"},{"time":0.5,"x":0,"y":0}]},"main":{"rotate":[{"time":0,"angle":0,"curve":"stepped"},{"time":0.5,"angle":0}],"translate":[{"time":0,"x":0,"y":0,"curve":"stepped"},{"time":0.5,"x":0,"y":0}],"scale":[{"time":0,"x":1,"y":1,"curve":"stepped"},{"time":0.5,"x":1,"y":1}]}}},"test":{"bones":{"main":{"rotate":[{"time":0,"angle":0}],"translate":[{"time":0,"x":0,"y":0}]},"body":{"rotate":[{"time":0,"angle":0}],"translate":[{"time":0,"x":0,"y":0}]},"head":{"rotate":[{"time":0,"angle":0}],"translate":[{"time":0,"x":0,"y":0}]},"bfoot":{"rotate":[{"time":0,"angle":0}],"translate":[{"time":0,"x":0,"y":0}]},"ffoot":{"rotate":[{"time":0,"angle":0}],"translate":[{"time":0,"x":0,"y":0}]}}},"walk":{"bones":{"ffoot":{"rotate":[{"time":0,"angle":-19.6,"curve":[0.3,0,0.704,1]},{"time":0.1667,"angle":0.4,"curve":[0.3,0,0.704,1]},{"time":0.3333,"angle":-10.79,"curve":[0.3,0,0.704,1]},{"time":0.5,"angle":-13.52,"curve":[0.3,0,0.704,1]},{"time":0.6667,"angle":-19.6}],"translate":[{"time":0,"x":34.27,"y":23.02,"curve":[0.3,0,0.704,1]},{"time":0.1667,"x":74.43,"y":-1.16,"curve":[0.3,0,0.704,1]},{"time":0.3333,"x":16.2,"y":-1.46,"curve":[0.3,0,0.704,1]},{"time":0.5,"x":-34.89,"y":0,"curve":[0.3,0,0.704,1]},{"time":0.6667,"x":34.27,"y":23.02}]},"bfoot":{"rotate":[{"time":0,"angle":-5.35,"curve":[0.3,0,0.704,1]},{"time":0.1667,"angle":-10.82,"curve":[0.3,0,0.704,1]},{"time":0.3333,"angle":-6.76,"curve":[0.3,0,0.704,1]},{"time":0.6667,"angle":-5.35}],"translate":[{"time":0,"x":-68.7,"y":-1.25,"curve":[0.3,0,0.704,1]},{"time":0.1667,"x":-130.84,"y":0.58,"curve":[0.3,0,0.704,1]},{"time":0.3333,"x":-57.86,"y":22.85,"curve":[0.3,0,0.704,1]},{"time":0.5,"x":-13.96,"y":0,"curve":[0.3,0,0.704,1]},{"time":0.6667,"x":-68.7,"y":-1.25}]},"main":{"rotate":[{"time":0,"angle":0,"curve":"stepped"},{"time":0.3333,"angle":0,"curve":"stepped"},{"time":0.6667,"angle":0}],"translate":[{"time":0,"x":0,"y":0,"curve":"stepped"},{"time":0.3333,"x":0,"y":0,"curve":"stepped"},{"time":0.6667,"x":0,"y":0}]},"body":{"translate":[{"time":0,"x":4.24,"y":8.48,"curve":[0.3,0,0.704,1]},{"time":0.1667,"x":4.24,"y":4.25,"curve":[0.3,0,0.704,1]},{"time":0.3333,"x":4.24,"y":8.48,"curve":[0.3,0,0.704,1]},{"time":0.5,"x":4.24,"y":4.25,"curve":[0.3,0,0.704,1]},{"time":0.6667,"x":4.24,"y":8.48}]}}},"wall":{"bones":{"ffoot":{"rotate":[{"time":0,"angle":-90,"curve":"stepped"},{"time":0.6667,"angle":-90}],"translate":[{"time":0,"x":-10.66,"y":8.89,"curve":"stepped"},{"time":0.6667,"x":-10.66,"y":8.89}]},"bfoot":{"rotate":[{"time":0,"angle":-52.22,"curve":[0.316,0,0.687,1]},{"time":0.3333,"angle":-41.49,"curve":[0.316,0,0.687,1]},{"time":0.6667,"angle":-52.22}],"translate":[{"time":0,"x":-87.07,"y":-17.77,"curve":[0.316,0,0.687,1]},{"time":0.3333,"x":-84.84,"y":-13.31,"curve":[0.316,0,0.687,1]},{"time":0.6667,"x":-87.07,"y":-17.77}]},"body":{"rotate":[{"time":0,"angle":-7.81,"curve":[0.316,0,0.687,1]},{"time":0.3333,"angle":-9.12,"curve":[0.316,0,0.687,1]},{"time":0.6667,"angle":-7.81}],"translate":[{"time":0,"x":0,"y":0,"curve":"stepped"},{"time":0.6667,"x":0,"y":0}]},"head":{"rotate":[{"time":0,"angle":0,"curve":[0.316,0,0.687,1]},{"time":0.3333,"angle":2.71,"curve":[0.316,0,0.687,1]},{"time":0.6667,"angle":0}],"translate":[{"time":0,"x":0,"y":0,"curve":"stepped"},{"time":0.6667,"x":0,"y":0}]},"main":{"rotate":[{"time":0,"angle":0,"curve":"stepped"},{"time":0.6667,"angle":0}],"translate":[{"time":0,"x":-33.91,"y":0,"curve":"stepped"},{"time":0.6667,"x":-33.91,"y":0}]}}},"walljump":{"bones":{"bfoot":{"rotate":[{"time":0,"angle":-7.8,"curve":[0.497,0,0.48,1]},{"time":0.1333,"angle":-9.36,"curve":[0.592,-0.01,0.457,1]},{"time":0.5,"angle":33.88,"curve":"stepped"},{"time":1.3333,"angle":33.88}],"translate":[{"time":0,"x":-55.61,"y":-28.59,"curve":[0.497,0,0.48,1]},{"time":0.1333,"x":-98.36,"y":25.77,"curve":[0.592,-0.01,0.457,1]},{"time":0.5,"x":-12.07,"y":11.6,"curve":"stepped"},{"time":1.3333,"x":-12.07,"y":11.6}]},"ffoot":{"rotate":[{"time":0,"angle":-269.92,"curve":[0.497,0,0.48,1]},{"time":0.1333,"angle":31.1,"curve":[0.592,-0.01,0.457,1]},{"time":0.5,"angle":-36.87,"curve":"stepped"},{"time":1.3333,"angle":-36.87}],"translate":[{"time":0,"x":148.73,"y":78.31,"curve":[0.497,0,0.48,1]},{"time":0.1333,"x":171.6,"y":-23.71,"curve":[0.592,-0.01,0.457,1]},{"time":0.5,"x":-4.44,"y":9.77,"curve":"stepped"},{"time":1.3333,"x":-4.44,"y":9.77}]},"body":{"rotate":[{"time":0,"angle":10.34,"curve":"stepped"},{"time":0.1333,"angle":10.34,"curve":[0.592,-0.01,0.457,1]},{"time":0.5,"angle":0,"curve":"stepped"},{"time":1.3333,"angle":0}],"translate":[{"time":0,"x":1.27,"y":22.67,"curve":[0.497,0,0.48,1]},{"time":0.1333,"x":18.45,"y":10.65,"curve":[0.592,-0.01,0.457,1]},{"time":0.5,"x":0,"y":0,"curve":"stepped"},{"time":1.3333,"x":0,"y":0}],"scale":[{"time":0.5,"x":1,"y":1,"curve":"stepped"},{"time":1.3333,"x":1,"y":1}]},"main":{"rotate":[{"time":0.5,"angle":0.47,"curve":"stepped"},{"time":1.3333,"angle":0.47}]}}},"wallrun":{"bones":{"bfoot":{"rotate":[{"time":0,"angle":-4.84,"curve":[0.25,0,0.75,1]},{"time":0.1,"angle":-261.56,"curve":[0.25,0,0.75,1]},{"time":0.2333,"angle":38.9,"curve":"stepped"},{"time":0.2667,"angle":38.9,"curve":[0.25,0,0.75,1]},{"time":0.3667,"angle":-4.84}],"translate":[{"time":0,"x":-74.73,"y":9.37,"curve":[0.25,0,0.75,1]},{"time":0.1,"x":-43.88,"y":83.64,"curve":[0.25,0,0.75,1]},{"time":0.1667,"x":55.94,"y":138.98,"curve":[0.25,0,0.75,1]},{"time":0.2333,"x":67.61,"y":-17.72,"curve":"stepped"},{"time":0.2667,"x":67.61,"y":-17.72,"curve":[0.25,0,0.75,1]},{"time":0.3667,"x":-74.73,"y":9.37}]},"ffoot":{"rotate":[{"time":0,"angle":89.12,"curve":[0.25,0,0.75,1]},{"time":0.1,"angle":11.18,"curve":[0.25,0,0.75,1]},{"time":0.2,"angle":-0.95,"curve":[0.25,0,0.75,1]},{"time":0.3,"angle":-241.81,"curve":[0.25,0,0.75,1]},{"time":0.3667,"angle":89.12}],"translate":[{"time":0,"x":150.76,"y":112.89,"curve":[0.25,0,0.75,1]},{"time":0.1,"x":147.45,"y":-26.4,"curve":[0.25,0,0.75,1]},{"time":0.2,"x":-3.38,"y":19.12,"curve":[0.25,0,0.75,1]},{"time":0.3,"x":72.02,"y":125.42,"curve":[0.25,0,0.75,1]},{"time":0.3667,"x":150.76,"y":112.89}]},"body":{"rotate":[{"time":0,"angle":16.13,"curve":[0.431,0,0.586,1]},{"time":0.1,"angle":12.97,"curve":[0.431,0,0.586,1]},{"time":0.1667,"angle":16.13,"curve":[0.431,0,0.586,1]},{"time":0.2333,"angle":12.97,"curve":[0.431,0,0.586,1]},{"time":0.3667,"angle":16.13}],"translate":[{"time":0,"x":0,"y":0}]},"main":{"rotate":[{"time":0,"angle":0.47}],"translate":[{"time":0,"x":1.02,"y":0}]}}}}}