{"skeleton":{"hash":"nBDf7e1QpJ/UBZVsuy/W4Cky2Ag","spine":"3.6.37","width":136,"height":218.16,"images":""},"bones":[{"name":"root"},{"name":"body_bot","parent":"root","y":-53.08},{"name":"body_attach_1","parent":"body_bot","x":32.19,"y":-8.05},{"name":"body_attach_2","parent":"body_bot","x":-32.43,"y":-8.44},{"name":"body_top","parent":"body_bot","x":3.48,"y":56.99},{"name":"eye","parent":"body_top","x":10.46,"y":37.45}],"slots":[{"name":"body_lower","bone":"body_bot","attachment":"body_lower"},{"name":"body_top","bone":"body_top","attachment":"body_top"},{"name":"eye","bone":"eye","attachment":"eye"},{"name":"body_attach_1","bone":"body_attach_1","attachment":"attach"},{"name":"body_attach_2","bone":"body_attach_2","attachment":"attach"}],"skins":{"default":{"body_attach_1":{"attach":{"width":2,"height":2}},"body_attach_2":{"attach":{"width":2,"height":2}},"body_lower":{"body_lower":{"y":7.88,"width":116,"height":80}},"body_top":{"body_top":{"x":-2.24,"y":46.56,"width":136,"height":165}},"eye":{"eye":{"width":80,"height":80}}}},"animations":{"idle":{"bones":{"root":{"rotate":[{"time":0,"angle":0}],"translate":[{"time":0,"x":0,"y":0}]},"body_bot":{"rotate":[{"time":0,"angle":0}],"translate":[{"time":0,"x":0,"y":0}]},"body_attach_1":{"rotate":[{"time":0,"angle":0}],"translate":[{"time":0,"x":0,"y":0}]},"body_attach_2":{"rotate":[{"time":0,"angle":0}],"translate":[{"time":0,"x":0,"y":0}]},"body_top":{"rotate":[{"time":0,"angle":0}],"translate":[{"time":0,"x":0,"y":0}]},"eye":{"rotate":[{"time":0,"angle":0}],"translate":[{"time":0,"x":0,"y":0}]}}}}}