{"skeleton":{"hash":"O9pvJ933m1MnfkJwqZMW8jtcx3c","spine":"3.6.38","width":265.79,"height":214.39,"images":""},"bones":[{"name":"root"},{"name":"bone","parent":"root","x":61.68,"y":97.07},{"name":"bone2","parent":"root","length":25.2,"x":-77,"y":167.75},{"name":"bone3","parent":"root","length":25.3,"x":-77,"y":161.69,"scaleX":0.825},{"name":"bone4","parent":"root","length":24.61,"x":-77,"y":155.82,"scaleX":0.305},{"name":"bone5","parent":"root","length":25.53,"x":-77,"y":173.99,"scaleX":0.563},{"name":"bone6","parent":"root","length":25.19,"x":-77,"y":180.55,"scaleX":0.751},{"name":"bone7","parent":"root","length":23.35,"x":-77,"y":186.64},{"name":"bone8","parent":"root","length":24.15,"x":-77,"y":192.85,"scaleX":0.656},{"name":"bone9","parent":"root","x":-54.71,"y":90.23}],"slots":[{"name":"mid","bone":"root","attachment":"mid"},{"name":"bot","bone":"root","attachment":"bot"},{"name":"_screen","bone":"root","attachment":"screen"},{"name":"_screen2","bone":"root","attachment":"screen2"},{"name":"_screen_circle","bone":"root","attachment":"screen_circle"},{"name":"screen_circle_inside","bone":"bone","attachment":"screen_circle_inside"},{"name":"screen_line","bone":"bone2","attachment":"screen_line"},{"name":"screen_line2","bone":"bone8","attachment":"screen_line"},{"name":"screen_line3","bone":"bone7","attachment":"screen_line"},{"name":"screen_line4","bone":"bone6","attachment":"screen_line"},{"name":"screen_line5","bone":"bone5","attachment":"screen_line"},{"name":"screen_line6","bone":"bone4","attachment":"screen_line"},{"name":"screen_line7","bone":"bone3","attachment":"screen_line"},{"name":"screen_dot","bone":"bone9","attachment":"screen_dot"},{"name":"right","bone":"root","attachment":"right"},{"name":"left","bone":"root","attachment":"left"}],"skins":{"default":{"_screen":{"screen":{"y":136.48,"width":194,"height":138}},"_screen2":{"screen2":{"y":136.48,"width":165,"height":138}},"_screen_circle":{"screen_circle":{"x":61.65,"y":97.1,"width":38,"height":39}},"bot":{"bot":{"y":27.61,"width":106,"height":57}},"left":{"left":{"x":-98.27,"y":137,"width":71,"height":153}},"mid":{"mid":{"y":102.22,"width":208,"height":135}},"right":{"right":{"x":96.52,"y":137,"width":71,"height":153}},"screen_circle_inside":{"screen_circle_inside":{"x":8.18,"y":0.33,"width":17,"height":3}},"screen_dot":{"screen_dot":{"x":0.34,"width":11,"height":11}},"screen_line":{"screen_line":{"x":35,"y":0.51,"width":72,"height":4}},"screen_line2":{"screen_line":{"x":35,"width":72,"height":4}},"screen_line3":{"screen_line":{"x":29.47,"scaleX":0.844,"width":72,"height":4}},"screen_line4":{"screen_line":{"x":35,"width":72,"height":4}},"screen_line5":{"screen_line":{"x":35,"width":72,"height":4}},"screen_line6":{"screen_line":{"x":35,"width":72,"height":4}},"screen_line7":{"screen_line":{"x":35,"width":72,"height":4}}}},"animations":{"idle1":{"bones":{"bone2":{"scale":[{"time":0,"x":1,"y":1,"curve":[0.464,0,0.641,1]},{"time":0.6667,"x":0.714,"y":1,"curve":[0.464,0,0.641,1]},{"time":1.3333,"x":1,"y":1}]},"bone":{"rotate":[{"time":0,"angle":0},{"time":0.3333,"angle":-90},{"time":0.6667,"angle":180},{"time":1,"angle":90},{"time":1.3333,"angle":0}]},"bone3":{"scale":[{"time":0,"x":1,"y":1,"curve":[0.464,0,0.641,1]},{"time":0.7333,"x":0.55,"y":1,"curve":[0.464,0,0.641,1]},{"time":1.3333,"x":1,"y":1}]},"bone4":{"scale":[{"time":0,"x":1,"y":1,"curve":[0.464,0,0.641,1]},{"time":0.6667,"x":1.952,"y":1,"curve":[0.464,0,0.641,1]},{"time":1.3333,"x":1,"y":1}]},"bone5":{"scale":[{"time":0,"x":1,"y":1,"curve":[0.464,0,0.641,1]},{"time":0.8333,"x":1.396,"y":1,"curve":[0.464,0,0.641,1]},{"time":1.3333,"x":1,"y":1}]},"bone6":{"scale":[{"time":0,"x":1,"y":1,"curve":[0.464,0,0.641,1]},{"time":0.6667,"x":1.125,"y":1,"curve":[0.464,0,0.641,1]},{"time":1.3333,"x":1,"y":1}]},"bone7":{"scale":[{"time":0,"x":1,"y":1,"curve":[0.464,0,0.641,1]},{"time":0.5,"x":0.505,"y":1,"curve":[0.464,0,0.641,1]},{"time":1.3333,"x":1,"y":1}]},"bone8":{"scale":[{"time":0,"x":1,"y":1,"curve":[0.464,0,0.641,1]},{"time":0.6667,"x":1.333,"y":1,"curve":[0.464,0,0.641,1]},{"time":1.3333,"x":1,"y":1}]},"bone9":{"translate":[{"time":0,"x":0,"y":0,"curve":"stepped"},{"time":0.8333,"x":0,"y":0,"curve":[0.413,0,0.572,1]},{"time":0.9,"x":-2.8,"y":0,"curve":[0.413,0,0.572,1]},{"time":1,"x":2.73,"y":0,"curve":[0.413,0,0.572,1]},{"time":1.1,"x":-0.57,"y":0,"curve":[0.413,0,0.572,1]},{"time":1.2,"x":1.43,"y":0,"curve":[0.413,0,0.572,1]},{"time":1.3333,"x":0,"y":0}],"scale":[{"time":0,"x":1,"y":1,"curve":[0.413,0,0.572,1]},{"time":0.6667,"x":1.5,"y":1.5,"curve":[0.413,0,0.572,1]},{"time":1.3333,"x":1,"y":1}]}}},"idle2":{"bones":{"bone7":{"scale":[{"time":0,"x":1,"y":1,"curve":[0.439,0,0.574,1]},{"time":0.5,"x":0.505,"y":1,"curve":[0.439,0,0.574,1]},{"time":1.3333,"x":1,"y":1}]},"bone5":{"scale":[{"time":0,"x":1,"y":1,"curve":[0.439,0,0.574,1]},{"time":0.8333,"x":1.396,"y":1,"curve":[0.439,0,0.574,1]},{"time":1.3333,"x":1,"y":1}]},"bone3":{"scale":[{"time":0,"x":1,"y":1,"curve":[0.439,0,0.574,1]},{"time":0.7333,"x":0.55,"y":1,"curve":[0.439,0,0.574,1]},{"time":1.3333,"x":1,"y":1}]},"bone6":{"scale":[{"time":0,"x":1,"y":1,"curve":[0.439,0,0.574,1]},{"time":0.6667,"x":1.125,"y":1,"curve":[0.439,0,0.574,1]},{"time":1.3333,"x":1,"y":1}]},"bone2":{"scale":[{"time":0,"x":1,"y":1,"curve":[0.439,0,0.574,1]},{"time":0.6667,"x":0.714,"y":1,"curve":[0.439,0,0.574,1]},{"time":1.3333,"x":1,"y":1}]},"bone9":{"translate":[{"time":0,"x":-9.62,"y":0,"curve":[0.439,0,0.574,1]},{"time":0.6667,"x":8.7,"y":0,"curve":[0.439,0,0.574,1]},{"time":1.3333,"x":-9.62,"y":0}],"scale":[{"time":0,"x":1,"y":1,"curve":[0.439,0,0.574,1]},{"time":0.3333,"x":2,"y":1,"curve":[0.439,0,0.574,1]},{"time":0.6667,"x":1,"y":1,"curve":[0.439,0,0.574,1]},{"time":1,"x":2,"y":1,"curve":[0.439,0,0.574,1]},{"time":1.3333,"x":1,"y":1}]},"bone":{"rotate":[{"time":0,"angle":0},{"time":0.3333,"angle":90},{"time":0.6667,"angle":180},{"time":1,"angle":-90},{"time":1.3333,"angle":0}]},"bone4":{"scale":[{"time":0,"x":1,"y":1,"curve":[0.439,0,0.574,1]},{"time":0.6667,"x":1.952,"y":1,"curve":[0.439,0,0.574,1]},{"time":1.3333,"x":1,"y":1}]},"bone8":{"scale":[{"time":0,"x":1,"y":1,"curve":[0.439,0,0.574,1]},{"time":0.6667,"x":1.333,"y":1,"curve":[0.439,0,0.574,1]},{"time":1.3333,"x":1,"y":1}]}}},"idle3":{"bones":{"bone4":{"scale":[{"time":0,"x":1,"y":1,"curve":[0.439,0,0.574,1]},{"time":0.6667,"x":1.952,"y":1,"curve":[0.439,0,0.574,1]},{"time":1.3333,"x":1,"y":1}]},"bone2":{"scale":[{"time":0,"x":1,"y":1,"curve":[0.439,0,0.574,1]},{"time":0.6667,"x":0.714,"y":1,"curve":[0.439,0,0.574,1]},{"time":1.3333,"x":1,"y":1}]},"bone8":{"scale":[{"time":0,"x":1,"y":1,"curve":[0.439,0,0.574,1]},{"time":0.6667,"x":1.333,"y":1,"curve":[0.439,0,0.574,1]},{"time":1.3333,"x":1,"y":1}]},"bone3":{"scale":[{"time":0,"x":1,"y":1,"curve":[0.439,0,0.574,1]},{"time":0.7333,"x":0.55,"y":1,"curve":[0.439,0,0.574,1]},{"time":1.3333,"x":1,"y":1}]},"bone":{"rotate":[{"time":0,"angle":55.44,"curve":[0.336,0.01,0.659,1]},{"time":0.5,"angle":-95.71,"curve":[0.336,0.01,0.659,1]},{"time":0.8333,"angle":18.1,"curve":[0.336,0.01,0.659,1]},{"time":1.1,"angle":-31.4,"curve":[0.336,0.01,0.659,1]},{"time":1.3333,"angle":55.44}]},"bone9":{"translate":[{"time":0,"x":-11.23,"y":2.25,"curve":[0.331,0,0.703,1]},{"time":0.6667,"x":10.39,"y":-2.07,"curve":[0.331,0,0.703,1]},{"time":1.3333,"x":-11.23,"y":2.25}],"scale":[{"time":0,"x":1,"y":1,"curve":[0.331,0,0.703,1]},{"time":0.3333,"x":0.5,"y":0.5,"curve":[0.331,0,0.703,1]},{"time":0.6667,"x":1,"y":1,"curve":[0.331,0,0.703,1]},{"time":1,"x":0.5,"y":0.5,"curve":[0.331,0,0.703,1]},{"time":1.3333,"x":1,"y":1}]},"bone6":{"scale":[{"time":0,"x":1,"y":1,"curve":[0.439,0,0.574,1]},{"time":0.6667,"x":1.125,"y":1,"curve":[0.439,0,0.574,1]},{"time":1.3333,"x":1,"y":1}]},"bone7":{"scale":[{"time":0,"x":1,"y":1,"curve":[0.439,0,0.574,1]},{"time":0.5,"x":0.505,"y":1,"curve":[0.439,0,0.574,1]},{"time":1.3333,"x":1,"y":1}]},"bone5":{"scale":[{"time":0,"x":1,"y":1,"curve":[0.439,0,0.574,1]},{"time":0.8333,"x":1.396,"y":1,"curve":[0.439,0,0.574,1]},{"time":1.3333,"x":1,"y":1}]}}}}}