{"skeleton":{"hash":"PiYHqM1/EhmexGfufbVKDv+0AfU","spine":"3.6.36","width":223.12,"height":281.49,"images":""},"bones":[{"name":"body","rotation":-0.27,"y":-7.63},{"name":"thrust1","parent":"body","x":-24.46,"y":-28.06},{"name":"thrust2","parent":"body","x":25.36,"y":-24.35},{"name":"weapon1","parent":"body","rotation":0.11,"x":-61.79,"y":36.66},{"name":"weapon2","parent":"body","x":43.2,"y":35.51},{"name":"weapon3","parent":"weapon1","x":0.21,"y":-0.12},{"name":"weapon4","parent":"weapon2","x":0.1,"y":-0.11}],"slots":[{"name":"jet2","bone":"thrust2","attachment":"jet"},{"name":"back_bot","bone":"thrust2","attachment":"back_bot"},{"name":"weapon2","bone":"weapon4","attachment":"turret"},{"name":"body","bone":"body","attachment":"body"},{"name":"front_bot","bone":"thrust1","attachment":"front_bot"},{"name":"weapon1","bone":"weapon3","attachment":"turret"},{"name":"jet1","bone":"thrust1","attachment":"jet"}],"skins":{"default":{"back_bot":{"back_bot":{"x":14.59,"y":-25.34,"width":79,"height":88}},"body":{"body":{"x":-0.42,"y":33.58,"width":154,"height":193}},"front_bot":{"front_bot":{"x":-17.2,"y":-32.15,"width":78,"height":86}},"jet1":{"jet":{"x":-42.43,"y":-73.28,"scaleX":0.7,"scaleY":0.7,"rotation":-119.34,"width":128,"height":64}},"jet2":{"jet":{"x":40.79,"y":-70.45,"scaleX":0.7,"scaleY":0.7,"rotation":-61.12,"width":128,"height":64}},"weapon1":{"turret":{"x":21.39,"y":1.28,"width":96,"height":56}},"weapon2":{"turret":{"x":22.56,"y":1.01,"width":96,"height":56}}}},"animations":{"idle":{"bones":{"thrust1":{"rotate":[{"time":0,"angle":0,"curve":[0.372,0,0.685,0.5]},{"time":0.3333,"angle":4.99,"curve":[0.31,0.5,0.623,1]},{"time":0.6667,"angle":9.57,"curve":[0.369,0,0.62,1]},{"time":1.3333,"angle":0}]},"thrust2":{"rotate":[{"time":0,"angle":0,"curve":[0.372,0,0.685,0.5]},{"time":0.3333,"angle":-5.13,"curve":[0.31,0.5,0.623,1]},{"time":0.6667,"angle":-10.44,"curve":[0.369,0,0.62,1]},{"time":1.3333,"angle":0}]},"weapon3":{"translate":[{"time":0,"x":0,"y":0,"curve":[0.369,0,0.62,1]},{"time":0.6667,"x":0,"y":-6,"curve":[0.369,0,0.62,1]},{"time":1.3333,"x":0,"y":0}]},"weapon4":{"translate":[{"time":0,"x":0,"y":0,"curve":[0.369,0,0.62,1]},{"time":0.6667,"x":0,"y":-6,"curve":[0.369,0,0.62,1]},{"time":1.3333,"x":0,"y":0}]}}},"shoot":{"bones":{"thrust1":{"rotate":[{"time":0,"angle":4.99,"curve":"stepped"},{"time":0.3667,"angle":4.99}],"translate":[{"time":0,"x":0,"y":0,"curve":"stepped"},{"time":0.3667,"x":0,"y":0}],"scale":[{"time":0,"x":1,"y":1,"curve":"stepped"},{"time":0.3667,"x":1,"y":1}]},"weapon4":{"rotate":[{"time":0,"angle":0,"curve":[0.196,0.36,0.75,1]},{"time":0.1333,"angle":22.08,"curve":[0.334,0,0.657,0.99]},{"time":0.3667,"angle":0,"curve":"stepped"},{"time":0.6667,"angle":0}],"translate":[{"time":0,"x":0,"y":-3.03,"curve":[0.196,0.36,0.623,1]},{"time":0.1333,"x":-35.66,"y":-14.79,"curve":[0.334,0,0.657,0.99]},{"time":0.3667,"x":0,"y":-3.03,"curve":"stepped"},{"time":0.6667,"x":0,"y":-3.03}],"scale":[{"time":0,"x":1,"y":1,"curve":"stepped"},{"time":0.3667,"x":1,"y":1,"curve":"stepped"},{"time":0.6667,"x":1,"y":1}]},"weapon3":{"rotate":[{"time":0,"angle":0,"curve":[0.196,0.36,0.75,1]},{"time":0.1333,"angle":22.08,"curve":[0.334,0,0.657,0.99]},{"time":0.3667,"angle":0,"curve":[0.317,0,0.657,0.42]},{"time":0.4667,"angle":0.72,"curve":[0.369,0.38,0.744,1]},{"time":0.6667,"angle":0}],"translate":[{"time":0,"x":0,"y":-3.03,"curve":[0.196,0.36,0.623,1]},{"time":0.1333,"x":-35.66,"y":-14.79,"curve":[0.334,0,0.657,0.99]},{"time":0.3667,"x":0,"y":-3.03,"curve":"stepped"},{"time":0.6667,"x":0,"y":-3.03}],"scale":[{"time":0,"x":1,"y":1,"curve":"stepped"},{"time":0.3667,"x":1,"y":1,"curve":"stepped"},{"time":0.6667,"x":1,"y":1}]},"thrust2":{"rotate":[{"time":0,"angle":-5.13,"curve":"stepped"},{"time":0.3667,"angle":-5.13}],"translate":[{"time":0,"x":0,"y":0,"curve":"stepped"},{"time":0.3667,"x":0,"y":0}],"scale":[{"time":0,"x":1,"y":1,"curve":"stepped"},{"time":0.3667,"x":1,"y":1}]},"body":{"rotate":[{"time":0,"angle":0,"curve":"stepped"},{"time":0.3667,"angle":0}],"translate":[{"time":0,"x":0,"y":0,"curve":"stepped"},{"time":0.3667,"x":0,"y":0}],"scale":[{"time":0,"x":1,"y":1,"curve":"stepped"},{"time":0.3667,"x":1,"y":1}]}}}}}