{"skeleton":{"hash":"wi9Ya9I37uL3e2UQedQIZtXGnvU","spine":"3.5.51","width":107,"height":220.3,"images":""},"bones":[{"name":"root"},{"name":"spark1","parent":"root","y":165},{"name":"spark2","parent":"root","y":165}],"slots":[{"name":"frame","bone":"root","attachment":"frame"},{"name":"spark1","bone":"spark1","attachment":"spark1"},{"name":"spark2","bone":"spark2","attachment":"spark2"},{"name":"root","bone":"root","attachment":"glass"},{"name":"top","bone":"root","attachment":"top"},{"name":"team","bone":"root","attachment":"team"}],"skins":{"default":{"frame":{"frame":{"y":92.18,"width":103,"height":187}},"root":{"glass":{"x":-0.26,"y":165.13,"width":100,"height":101}},"spark1":{"spark1":{"scaleX":1.006,"scaleY":1.006,"width":100,"height":98}},"spark2":{"spark2":{"width":101,"height":99}},"team":{"team":{"y":67.97,"width":57,"height":94}},"top":{"top":{"y":165.48,"width":107,"height":107}}}},"animations":{"idle":{"bones":{"spark1":{"rotate":[{"time":0,"angle":0},{"time":0.5,"angle":120},{"time":1,"angle":240},{"time":1.5,"angle":0}],"scale":[{"time":0,"x":0.6,"y":0.6,"curve":[0.25,0,0.75,1]},{"time":0.6667,"x":1.05,"y":1.05,"curve":[0.25,0,0.75,1]},{"time":1.5,"x":0.6,"y":0.6}]},"spark2":{"rotate":[{"time":0,"angle":0},{"time":0.5,"angle":240},{"time":1,"angle":120},{"time":1.5,"angle":0}],"scale":[{"time":0,"x":1.05,"y":1.05,"curve":[0.25,0,0.75,1]},{"time":0.6667,"x":0.6,"y":0.6,"curve":[0.25,0,0.75,1]},{"time":1.5,"x":1.05,"y":1.05}]}}}}}