{
"skeleton": { "hash": "6/D8hjXATk33qISQmCJjN/Fc5rQ", "spine": "3.5.51", "width": 777.25, "height": 620.15, "images": "" },
"bones": [
	{ "name": "root" },
	{ "name": "center", "parent": "root", "rotation": 84.76, "x": 2.74, "y": 263.23 },
	{ "name": "back1", "parent": "center", "length": 145.25, "rotation": -94.53, "x": 27.63, "y": -15.79 },
	{ "name": "back2", "parent": "back1", "length": 135.1, "rotation": -62.35, "x": 144.86, "y": -8.22 },
	{ "name": "back3", "parent": "back2", "length": 102.23, "rotation": -14.1, "x": 142.37, "y": -2.24 },
	{ "name": "body1", "parent": "center", "length": 299.44, "x": 0.66, "y": 0.14 },
	{ "name": "front1", "parent": "center", "length": 112.62, "rotation": -83.55, "x": -0.21, "y": -74.45 },
	{ "name": "front2", "parent": "front1", "length": 139.38, "rotation": -43.35, "x": 120.96, "y": 1.93 },
	{ "name": "front3", "parent": "front2", "length": 90.67, "rotation": -43.67, "x": 212.38, "y": -32.52 },
	{ "name": "side1", "parent": "center", "length": 100.39, "rotation": 102.6, "x": 15.17, "y": 59.69 },
	{ "name": "side2", "parent": "side1", "length": 158.16, "rotation": 42.49, "x": 122.28, "y": -9.62 },
	{ "name": "side3", "parent": "side2", "length": 91.11, "rotation": 41.06, "x": 211.23, "y": 39.45 },
	{ "name": "weapon0", "parent": "body1", "length": 193.04, "rotation": -84.76, "x": 96.24, "y": -4.26 },
	{ "name": "weapon1", "parent": "weapon0", "length": 150.26, "rotation": -0.5, "x": 41.27, "y": 32.82 },
	{ "name": "weapon2", "parent": "weapon0", "length": 137.73, "x": 211.3, "y": 61.16 }
],
"slots": [
	{ "name": "Turret-Back-Foot", "bone": "back3", "attachment": "Turret-Back-Foot" },
	{ "name": "Turret-Back-UpperLeg", "bone": "back1", "attachment": "Turret-Back-UpperLeg" },
	{ "name": "Turret-Back-LowerLeg", "bone": "back2", "attachment": "Turret-Back-LowerLeg" },
	{ "name": "Turret-Hips", "bone": "body1", "attachment": "Turret-Hips" },
	{ "name": "Drone-Engine-Back", "bone": "weapon0", "attachment": "Drone-Engine-Back" },
	{ "name": "Drone-Engine-Deactivated", "bone": "weapon0", "attachment": "Drone-Engine-Deactivated" },
	{ "name": "Gun-Drone2", "bone": "weapon2", "attachment": "Gun-Drone" },
	{ "name": "Drone-Body", "bone": "weapon0", "attachment": "Drone-Body" },
	{ "name": "Gun-Drone", "bone": "weapon1", "attachment": "Gun-Drone" },
	{ "name": "Turret-Side-Leg-Top", "bone": "side1", "attachment": "Turret-Side-Leg-Top" },
	{ "name": "Turret-Side-LowerLeg", "bone": "side2", "attachment": "Turret-Side-LowerLeg" },
	{ "name": "Turret-Side-Foot", "bone": "side3", "attachment": "Turret-Side-Foot" },
	{ "name": "Turret-Front-UpperLeg", "bone": "front1", "attachment": "Turret-Front-UpperLeg" },
	{ "name": "Turret-Front-LowerLeg", "bone": "front2", "attachment": "Turret-Front-LowerLeg" },
	{ "name": "Turret-Front-Foot", "bone": "front3", "attachment": "Turret-Front-Foot" }
],
"skins": {
	"default": {
		"Drone-Body": {
			"Drone-Body": { "x": 48.71, "y": 76.05, "width": 523, "height": 309 }
		},
		"Drone-Engine-Back": {
			"Drone-Engine-Back": { "x": -90.65, "y": 140.1, "width": 191, "height": 216 }
		},
		"Drone-Engine-Deactivated": {
			"Drone-Engine-Deactivated": { "x": -229.35, "y": 90.7, "width": 222, "height": 213 }
		},
		"Gun-Drone": {
			"Gun-Drone": { "x": 67.55, "y": 3.38, "rotation": 0.5, "width": 249, "height": 160 }
		},
		"Gun-Drone2": {
			"Gun-Drone": { "x": 76.87, "y": 5.56, "width": 249, "height": 160 }
		},
		"Turret-Back-Foot": {
			"Turret-Back-Foot": { "x": 56.38, "y": 5.77, "rotation": 96.96, "width": 73, "height": 143 }
		},
		"Turret-Back-LowerLeg": {
			"Turret-Back-LowerLeg": { "x": 55.05, "y": -2.76, "rotation": 99.93, "width": 105, "height": 195 }
		},
		"Turret-Back-UpperLeg": {
			"Turret-Back-UpperLeg": { "x": 71.15, "y": -12.71, "rotation": 94.22, "width": 91, "height": 191 }
		},
		"Turret-Front-Foot": {
			"Turret-Front-Foot": { "x": 44.58, "y": 3.53, "rotation": 97.96, "width": 77, "height": 117 }
		},
		"Turret-Front-LowerLeg": {
			"Turret-Front-LowerLeg": { "x": 96.9, "y": -3.04, "rotation": 71.1, "width": 137, "height": 270 }
		},
		"Turret-Front-UpperLeg": {
			"Turret-Front-UpperLeg": { "x": 69.76, "y": -28.17, "rotation": 101.53, "width": 127, "height": 164 }
		},
		"Turret-Hips": {
			"Turret-Hips": { "x": 20.65, "y": -4.07, "rotation": -84.76, "width": 187, "height": 128 }
		},
		"Turret-Side-Foot": {
			"Turret-Side-Foot": { "x": 41.23, "y": -2.73, "rotation": 81.74, "width": 77, "height": 117 }
		},
		"Turret-Side-Leg-Top": {
			"Turret-Side-Leg-Top": { "x": 71.37, "y": 23.77, "rotation": 75.06, "width": 127, "height": 164 }
		},
		"Turret-Side-LowerLeg": {
			"Turret-Side-LowerLeg": { "x": 95.04, "y": 1.05, "rotation": 108.84, "width": 136, "height": 270 }
		}
	}
},
"animations": {
	"idle": {
		"bones": {
			"center": {
				"rotate": [
					{ "time": 0, "angle": 0, "curve": "stepped" },
					{ "time": 1, "angle": 0 }
				],
				"translate": [
					{ "time": 0, "x": 0, "y": 0, "curve": "stepped" },
					{ "time": 1, "x": 0, "y": 0 }
				],
				"scale": [
					{ "time": 0, "x": 1, "y": 1, "curve": "stepped" },
					{ "time": 1, "x": 1, "y": 1 }
				]
			},
			"body1": {
				"rotate": [
					{ "time": 0, "angle": 0, "curve": "stepped" },
					{ "time": 1, "angle": 0 }
				],
				"translate": [
					{ "time": 0, "x": 0, "y": 0 },
					{ "time": 0.5, "x": 9.92, "y": -0.33 },
					{ "time": 1, "x": 0, "y": 0 }
				],
				"scale": [
					{ "time": 0, "x": 1, "y": 1, "curve": "stepped" },
					{ "time": 1, "x": 1, "y": 1 }
				]
			},
			"side1": {
				"rotate": [
					{ "time": 0, "angle": 0 },
					{ "time": 0.5, "angle": 5.78 },
					{ "time": 1, "angle": 0 }
				],
				"translate": [
					{ "time": 0, "x": 0, "y": 0 },
					{ "time": 0.5, "x": 9.92, "y": -0.33 },
					{ "time": 1, "x": 0, "y": 0 }
				],
				"scale": [
					{ "time": 0, "x": 1, "y": 1, "curve": "stepped" },
					{ "time": 1, "x": 1, "y": 1 }
				]
			},
			"side2": {
				"rotate": [
					{ "time": 0, "angle": 0 },
					{ "time": 0.5, "angle": -5.78 },
					{ "time": 1, "angle": 0 }
				],
				"translate": [
					{ "time": 0, "x": 0, "y": 0 },
					{ "time": 0.5, "x": 1.85, "y": -2.95 },
					{ "time": 1, "x": 0, "y": 0 }
				],
				"scale": [
					{ "time": 0, "x": 1, "y": 1, "curve": "stepped" },
					{ "time": 1, "x": 1, "y": 1 }
				]
			},
			"side3": {
				"rotate": [
					{ "time": 0, "angle": 0, "curve": "stepped" },
					{ "time": 1, "angle": 0 }
				],
				"translate": [
					{ "time": 0, "x": 0, "y": 0, "curve": "stepped" },
					{ "time": 1, "x": 0, "y": 0 }
				],
				"scale": [
					{ "time": 0, "x": 1, "y": 1, "curve": "stepped" },
					{ "time": 1, "x": 1, "y": 1 }
				]
			},
			"front1": {
				"rotate": [
					{ "time": 0, "angle": 0 },
					{ "time": 0.5, "angle": -5.4 },
					{ "time": 1, "angle": 0 }
				],
				"translate": [
					{ "time": 0, "x": 0, "y": 0 },
					{ "time": 0.5, "x": 9.92, "y": -0.33 },
					{ "time": 1, "x": 0, "y": 0 }
				],
				"scale": [
					{ "time": 0, "x": 1, "y": 1, "curve": "stepped" },
					{ "time": 1, "x": 1, "y": 1 }
				]
			},
			"front2": {
				"rotate": [
					{ "time": 0, "angle": 0 },
					{ "time": 0.5, "angle": 5.4 },
					{ "time": 1, "angle": 0 }
				],
				"translate": [
					{ "time": 0, "x": 0, "y": 0 },
					{ "time": 0.5, "x": -1.23, "y": 1.46 },
					{ "time": 1, "x": 0, "y": 0 }
				],
				"scale": [
					{ "time": 0, "x": 1, "y": 1, "curve": "stepped" },
					{ "time": 1, "x": 1, "y": 1 }
				]
			},
			"front3": {
				"rotate": [
					{ "time": 0, "angle": 0, "curve": "stepped" },
					{ "time": 1, "angle": 0 }
				],
				"translate": [
					{ "time": 0, "x": 0, "y": 0, "curve": "stepped" },
					{ "time": 1, "x": 0, "y": 0 }
				],
				"scale": [
					{ "time": 0, "x": 1, "y": 1, "curve": "stepped" },
					{ "time": 1, "x": 1, "y": 1 }
				]
			},
			"back1": {
				"rotate": [
					{ "time": 0, "angle": 0 },
					{ "time": 0.5, "angle": -5.2 },
					{ "time": 1, "angle": 0 }
				],
				"translate": [
					{ "time": 0, "x": 0, "y": 0 },
					{ "time": 0.5, "x": 9.92, "y": -0.33 },
					{ "time": 1, "x": 0, "y": 0 }
				],
				"scale": [
					{ "time": 0, "x": 1, "y": 1, "curve": "stepped" },
					{ "time": 1, "x": 1, "y": 1 }
				]
			},
			"back2": {
				"rotate": [
					{ "time": 0, "angle": 0 },
					{ "time": 0.5, "angle": 5.2 },
					{ "time": 1, "angle": 0 }
				],
				"translate": [
					{ "time": 0, "x": 0, "y": 0 },
					{ "time": 0.5, "x": 1.5, "y": 3.34 },
					{ "time": 1, "x": 0, "y": 0 }
				],
				"scale": [
					{ "time": 0, "x": 1, "y": 1, "curve": "stepped" },
					{ "time": 1, "x": 1, "y": 1 }
				]
			},
			"back3": {
				"rotate": [
					{ "time": 0, "angle": 0, "curve": "stepped" },
					{ "time": 1, "angle": 0 }
				],
				"translate": [
					{ "time": 0, "x": 0, "y": 0, "curve": "stepped" },
					{ "time": 1, "x": 0, "y": 0 }
				],
				"scale": [
					{ "time": 0, "x": 1, "y": 1, "curve": "stepped" },
					{ "time": 1, "x": 1, "y": 1 }
				]
			}
		}
	},
	"move": {
		"bones": {
			"center": {
				"rotate": [
					{ "time": 0, "angle": 0 }
				],
				"translate": [
					{ "time": 0, "x": 0, "y": 0 }
				],
				"scale": [
					{ "time": 0, "x": 1, "y": 1 }
				]
			},
			"body1": {
				"rotate": [
					{
						"time": 0,
						"angle": 0,
						"curve": [ 0.25, 0, 0.75, 1 ]
					},
					{
						"time": 0.3333,
						"angle": -1.08,
						"curve": [ 0.25, 0, 0.75, 1 ]
					},
					{ "time": 0.6667, "angle": 0 }
				],
				"translate": [
					{ "time": 0, "x": 0, "y": 0 }
				],
				"scale": [
					{ "time": 0, "x": 1, "y": 1 }
				]
			},
			"side1": {
				"rotate": [
					{
						"time": 0,
						"angle": -10.25,
						"curve": [ 0.25, 0, 0.75, 1 ]
					},
					{
						"time": 0.1667,
						"angle": -7.36,
						"curve": [ 0.25, 0, 0.75, 1 ]
					},
					{
						"time": 0.3333,
						"angle": 5.49,
						"curve": [ 0.25, 0, 0.75, 1 ]
					},
					{
						"time": 0.5,
						"angle": -46.14,
						"curve": [ 0.25, 0, 0.75, 1 ]
					},
					{ "time": 0.6667, "angle": -10.25 }
				],
				"translate": [
					{ "time": 0, "x": 0, "y": 0 }
				],
				"scale": [
					{ "time": 0, "x": 1, "y": 1 }
				]
			},
			"side2": {
				"rotate": [
					{
						"time": 0,
						"angle": 40.58,
						"curve": [ 0.25, 0, 0.75, 1 ]
					},
					{
						"time": 0.1667,
						"angle": 17.9,
						"curve": [ 0.25, 0, 0.75, 1 ]
					},
					{
						"time": 0.3333,
						"angle": -11.52,
						"curve": [ 0.25, 0, 0.75, 1 ]
					},
					{
						"time": 0.5,
						"angle": 65.37,
						"curve": [ 0.25, 0, 0.75, 1 ]
					},
					{ "time": 0.6667, "angle": 40.58 }
				],
				"translate": [
					{ "time": 0, "x": 0, "y": 0 }
				],
				"scale": [
					{ "time": 0, "x": 1, "y": 1 }
				]
			},
			"side3": {
				"rotate": [
					{
						"time": 0,
						"angle": -7.19,
						"curve": [ 0.25, 0, 0.75, 1 ]
					},
					{
						"time": 0.3333,
						"angle": 2.21,
						"curve": [ 0.25, 0, 0.75, 1 ]
					},
					{
						"time": 0.5,
						"angle": 3.26,
						"curve": [ 0.25, 0, 0.75, 1 ]
					},
					{ "time": 0.6667, "angle": -7.19 }
				],
				"translate": [
					{ "time": 0, "x": 0, "y": 0 }
				],
				"scale": [
					{ "time": 0, "x": 1, "y": 1 }
				]
			},
			"front1": {
				"rotate": [
					{
						"time": 0,
						"angle": 26.07,
						"curve": [ 0.25, 0, 0.75, 1 ]
					},
					{
						"time": 0.1667,
						"angle": -2.01,
						"curve": [ 0.25, 0, 0.75, 1 ]
					},
					{
						"time": 0.3333,
						"angle": 13.29,
						"curve": [ 0.25, 0, 0.75, 1 ]
					},
					{
						"time": 0.5,
						"angle": 26.31,
						"curve": [ 0.25, 0, 0.75, 1 ]
					},
					{ "time": 0.6667, "angle": 26.07 }
				],
				"translate": [
					{ "time": 0, "x": 0, "y": 0, "curve": "stepped" },
					{ "time": 0.6667, "x": 0, "y": 0 }
				],
				"scale": [
					{ "time": 0, "x": 1, "y": 1, "curve": "stepped" },
					{ "time": 0.6667, "x": 1, "y": 1 }
				]
			},
			"front2": {
				"rotate": [
					{
						"time": 0,
						"angle": -22.75,
						"curve": [ 0.25, 0, 0.75, 1 ]
					},
					{
						"time": 0.1667,
						"angle": 3.51,
						"curve": [ 0.25, 0, 0.75, 1 ]
					},
					{
						"time": 0.3333,
						"angle": -39.83,
						"curve": [ 0.25, 0, 0.75, 1 ]
					},
					{
						"time": 0.5,
						"angle": -41.12,
						"curve": [ 0.25, 0, 0.75, 1 ]
					},
					{ "time": 0.6667, "angle": -22.75 }
				],
				"translate": [
					{ "time": 0, "x": 0, "y": 0, "curve": "stepped" },
					{ "time": 0.6667, "x": 0, "y": 0 }
				],
				"scale": [
					{ "time": 0, "x": 1, "y": 1, "curve": "stepped" },
					{ "time": 0.6667, "x": 1, "y": 1 }
				]
			},
			"front3": {
				"rotate": [
					{
						"time": 0,
						"angle": -6.92,
						"curve": [ 0.25, 0, 0.75, 1 ]
					},
					{
						"time": 0.1667,
						"angle": 0.73,
						"curve": [ 0.25, 0, 0.75, 1 ]
					},
					{
						"time": 0.5,
						"angle": -9.6,
						"curve": [ 0.25, 0, 0.75, 1 ]
					},
					{ "time": 0.6667, "angle": -6.92 }
				],
				"translate": [
					{ "time": 0, "x": 0, "y": 0, "curve": "stepped" },
					{ "time": 0.6667, "x": 0, "y": 0 }
				],
				"scale": [
					{ "time": 0, "x": 1, "y": 1, "curve": "stepped" },
					{ "time": 0.6667, "x": 1, "y": 1 }
				]
			},
			"back1": {
				"rotate": [
					{
						"time": 0,
						"angle": 2.27,
						"curve": [ 0.25, 0, 0.75, 1 ]
					},
					{
						"time": 0.2,
						"angle": 25.08,
						"curve": [ 0.25, 0, 0.75, 1 ]
					},
					{
						"time": 0.4,
						"angle": -0.26,
						"curve": [ 0.25, 0, 0.75, 1 ]
					},
					{ "time": 0.6667, "angle": 2.27 }
				],
				"translate": [
					{
						"time": 0,
						"x": -18.41,
						"y": 39.67,
						"curve": [ 0.25, 0, 0.75, 1 ]
					},
					{
						"time": 0.4,
						"x": -3.98,
						"y": -21.05,
						"curve": [ 0.25, 0, 0.75, 1 ]
					},
					{ "time": 0.6667, "x": -18.41, "y": 39.67 }
				],
				"scale": [
					{ "time": 0, "x": 1, "y": 1 }
				]
			},
			"back2": {
				"rotate": [
					{
						"time": 0,
						"angle": -29.2,
						"curve": [ 0.25, 0, 0.75, 1 ]
					},
					{
						"time": 0.2,
						"angle": 3.73,
						"curve": [ 0.25, 0, 0.75, 1 ]
					},
					{
						"time": 0.4,
						"angle": 11.35,
						"curve": [ 0.25, 0, 0.75, 1 ]
					},
					{ "time": 0.6667, "angle": -29.2 }
				],
				"translate": [
					{ "time": 0, "x": 0, "y": 0, "curve": "stepped" },
					{ "time": 0.4, "x": 0, "y": 0, "curve": "stepped" },
					{ "time": 0.6667, "x": 0, "y": 0 }
				],
				"scale": [
					{ "time": 0, "x": 1, "y": 1 }
				]
			},
			"back3": {
				"rotate": [
					{
						"time": 0,
						"angle": -2.45,
						"curve": [ 0.25, 0, 0.75, 1 ]
					},
					{
						"time": 0.2,
						"angle": -24.84,
						"curve": [ 0.25, 0, 0.75, 1 ]
					},
					{
						"time": 0.4,
						"angle": -7.75,
						"curve": [ 0.25, 0, 0.75, 1 ]
					},
					{ "time": 0.6667, "angle": -2.45 }
				],
				"translate": [
					{ "time": 0, "x": 0, "y": 0, "curve": "stepped" },
					{ "time": 0.4, "x": 0, "y": 0, "curve": "stepped" },
					{ "time": 0.6667, "x": 0, "y": 0 }
				],
				"scale": [
					{ "time": 0, "x": 1, "y": 1 }
				]
			}
		}
	}
}
}